tenant_id,class_id,group_id
ba6e3b18-bccb-5149-adae-530286c8bd10,2d39074d-0f59-5241-96f0-4b603e44e9f0,b80b64f7-17e9-517f-ad95-32a1c548bbaa
ba6e3b18-bccb-5149-adae-530286c8bd10,2d39074d-0f59-5241-96f0-4b603e44e9f0,72750958-0977-5908-a241-939d02a9de64
ba6e3b18-bccb-5149-adae-530286c8bd10,a052acd3-dcbd-527b-a01c-390b0eff0315,b80b64f7-17e9-517f-ad95-32a1c548bbaa
ba6e3b18-bccb-5149-adae-530286c8bd10,a052acd3-dcbd-527b-a01c-390b0eff0315,72750958-0977-5908-a241-939d02a9de64
ba6e3b18-bccb-5149-adae-530286c8bd10,dd210a63-95a7-5294-aeb3-90b476414c54,b80b64f7-17e9-517f-ad95-32a1c548bbaa
ba6e3b18-bccb-5149-adae-530286c8bd10,dd210a63-95a7-5294-aeb3-90b476414c54,72750958-0977-5908-a241-939d02a9de64
ba6e3b18-bccb-5149-adae-530286c8bd10,352cb480-e68d-5f92-8158-9edc471bbb2a,b80b64f7-17e9-517f-ad95-32a1c548bbaa
ba6e3b18-bccb-5149-adae-530286c8bd10,352cb480-e68d-5f92-8158-9edc471bbb2a,72750958-0977-5908-a241-939d02a9de64
ba6e3b18-bccb-5149-adae-530286c8bd10,7530c464-acbe-5368-ab04-034db541e883,b80b64f7-17e9-517f-ad95-32a1c548bbaa
ba6e3b18-bccb-5149-adae-530286c8bd10,7530c464-acbe-5368-ab04-034db541e883,0addf703-5c18-57eb-8427-b97b3bf199a8
ba6e3b18-bccb-5149-adae-530286c8bd10,1ad673c2-f6b6-5f00-a41e-a751dc60f755,b80b64f7-17e9-517f-ad95-32a1c548bbaa
ba6e3b18-bccb-5149-adae-530286c8bd10,1ad673c2-f6b6-5f00-a41e-a751dc60f755,0addf703-5c18-57eb-8427-b97b3bf199a8
ba6e3b18-bccb-5149-adae-530286c8bd10,0b87b1cc-7d57-5bb9-a26c-a2800ee47273,b80b64f7-17e9-517f-ad95-32a1c548bbaa
ba6e3b18-bccb-5149-adae-530286c8bd10,0b87b1cc-7d57-5bb9-a26c-a2800ee47273,0addf703-5c18-57eb-8427-b97b3bf199a8
ba6e3b18-bccb-5149-adae-530286c8bd10,261cb4ae-9547-526e-9744-bc0a828e67cc,b80b64f7-17e9-517f-ad95-32a1c548bbaa
ba6e3b18-bccb-5149-adae-530286c8bd10,261cb4ae-9547-526e-9744-bc0a828e67cc,0addf703-5c18-57eb-8427-b97b3bf199a8
ba6e3b18-bccb-5149-adae-530286c8bd10,0d4c2504-e6ad-5835-8bb8-d799851e3473,215602f9-889d-5d64-bcef-41e2ef6cd3d5
ba6e3b18-bccb-5149-adae-530286c8bd10,0d4c2504-e6ad-5835-8bb8-d799851e3473,72750958-0977-5908-a241-939d02a9de64
ba6e3b18-bccb-5149-adae-530286c8bd10,b613f6aa-ad72-598d-bcf3-748fbd064204,215602f9-889d-5d64-bcef-41e2ef6cd3d5
ba6e3b18-bccb-5149-adae-530286c8bd10,b613f6aa-ad72-598d-bcf3-748fbd064204,72750958-0977-5908-a241-939d02a9de64
ba6e3b18-bccb-5149-adae-530286c8bd10,045d110c-6013-5e8f-ab88-49a4b3baf0ed,215602f9-889d-5d64-bcef-41e2ef6cd3d5
ba6e3b18-bccb-5149-adae-530286c8bd10,045d110c-6013-5e8f-ab88-49a4b3baf0ed,72750958-0977-5908-a241-939d02a9de64
ba6e3b18-bccb-5149-adae-530286c8bd10,136af27a-b0f8-526b-af10-d44114274cbe,215602f9-889d-5d64-bcef-41e2ef6cd3d5
ba6e3b18-bccb-5149-adae-530286c8bd10,136af27a-b0f8-526b-af10-d44114274cbe,72750958-0977-5908-a241-939d02a9de64
ba6e3b18-bccb-5149-adae-530286c8bd10,fcc3624a-ff90-5dc6-8b15-898490b76772,215602f9-889d-5d64-bcef-41e2ef6cd3d5
ba6e3b18-bccb-5149-adae-530286c8bd10,fcc3624a-ff90-5dc6-8b15-898490b76772,0addf703-5c18-57eb-8427-b97b3bf199a8
ba6e3b18-bccb-5149-adae-530286c8bd10,ab1a6dfb-2436-5bd0-bd07-ab2cbc73bee6,215602f9-889d-5d64-bcef-41e2ef6cd3d5
ba6e3b18-bccb-5149-adae-530286c8bd10,ab1a6dfb-2436-5bd0-bd07-ab2cbc73bee6,0addf703-5c18-57eb-8427-b97b3bf199a8
ba6e3b18-bccb-5149-adae-530286c8bd10,cc5b7152-18de-5388-bdd0-4f39e7967c34,215602f9-889d-5d64-bcef-41e2ef6cd3d5
ba6e3b18-bccb-5149-adae-530286c8bd10,cc5b7152-18de-5388-bdd0-4f39e7967c34,0addf703-5c18-57eb-8427-b97b3bf199a8
ba6e3b18-bccb-5149-adae-530286c8bd10,3a2e1f05-6ff0-5736-bed3-7ce3c0cb1a6a,215602f9-889d-5d64-bcef-41e2ef6cd3d5
ba6e3b18-bccb-5149-adae-530286c8bd10,3a2e1f05-6ff0-5736-bed3-7ce3c0cb1a6a,0addf703-5c18-57eb-8427-b97b3bf199a8
ba6e3b18-bccb-5149-adae-530286c8bd10,44ffb567-982d-5d3d-8889-2c063f3418f5,688ef752-f718-5a62-a294-c7f776a71acb
ba6e3b18-bccb-5149-adae-530286c8bd10,44ffb567-982d-5d3d-8889-2c063f3418f5,72750958-0977-5908-a241-939d02a9de64
ba6e3b18-bccb-5149-adae-530286c8bd10,3e0d654f-74fc-51ab-aca9-3b6c93db9f32,688ef752-f718-5a62-a294-c7f776a71acb
ba6e3b18-bccb-5149-adae-530286c8bd10,3e0d654f-74fc-51ab-aca9-3b6c93db9f32,72750958-0977-5908-a241-939d02a9de64
ba6e3b18-bccb-5149-adae-530286c8bd10,07beef8d-ca31-5dfe-bf76-495853cadc3c,688ef752-f718-5a62-a294-c7f776a71acb
ba6e3b18-bccb-5149-adae-530286c8bd10,07beef8d-ca31-5dfe-bf76-495853cadc3c,72750958-0977-5908-a241-939d02a9de64
ba6e3b18-bccb-5149-adae-530286c8bd10,8ce1bc94-e6c0-575c-9706-d02830a11818,688ef752-f718-5a62-a294-c7f776a71acb
ba6e3b18-bccb-5149-adae-530286c8bd10,8ce1bc94-e6c0-575c-9706-d02830a11818,72750958-0977-5908-a241-939d02a9de64
ba6e3b18-bccb-5149-adae-530286c8bd10,5db86515-6512-5698-a116-fab07c010416,688ef752-f718-5a62-a294-c7f776a71acb
ba6e3b18-bccb-5149-adae-530286c8bd10,5db86515-6512-5698-a116-fab07c010416,0addf703-5c18-57eb-8427-b97b3bf199a8
ba6e3b18-bccb-5149-adae-530286c8bd10,126ac887-c54c-5a99-bb96-8ee7245e4bd9,688ef752-f718-5a62-a294-c7f776a71acb
ba6e3b18-bccb-5149-adae-530286c8bd10,126ac887-c54c-5a99-bb96-8ee7245e4bd9,0addf703-5c18-57eb-8427-b97b3bf199a8
ba6e3b18-bccb-5149-adae-530286c8bd10,af254747-40a1-590b-aad8-79f9ebd30ca7,688ef752-f718-5a62-a294-c7f776a71acb
ba6e3b18-bccb-5149-adae-530286c8bd10,af254747-40a1-590b-aad8-79f9ebd30ca7,0addf703-5c18-57eb-8427-b97b3bf199a8
ba6e3b18-bccb-5149-adae-530286c8bd10,2ce9c733-0ef8-549e-86fc-a84ff9e0a054,688ef752-f718-5a62-a294-c7f776a71acb
ba6e3b18-bccb-5149-adae-530286c8bd10,2ce9c733-0ef8-549e-86fc-a84ff9e0a054,0addf703-5c18-57eb-8427-b97b3bf199a8
ba6e3b18-bccb-5149-adae-530286c8bd10,1ea5de6a-c612-5a55-a093-0c35e8a5fa8f,b80b64f7-17e9-517f-ad95-32a1c548bbaa
ba6e3b18-bccb-5149-adae-530286c8bd10,1ea5de6a-c612-5a55-a093-0c35e8a5fa8f,72750958-0977-5908-a241-939d02a9de64
ba6e3b18-bccb-5149-adae-530286c8bd10,aeeea3c8-e886-5f38-8253-115d7a927d7f,b80b64f7-17e9-517f-ad95-32a1c548bbaa
ba6e3b18-bccb-5149-adae-530286c8bd10,aeeea3c8-e886-5f38-8253-115d7a927d7f,72750958-0977-5908-a241-939d02a9de64
ba6e3b18-bccb-5149-adae-530286c8bd10,c522f943-5eb3-5ad8-bfa0-a882b072d294,b80b64f7-17e9-517f-ad95-32a1c548bbaa
ba6e3b18-bccb-5149-adae-530286c8bd10,c522f943-5eb3-5ad8-bfa0-a882b072d294,72750958-0977-5908-a241-939d02a9de64
ba6e3b18-bccb-5149-adae-530286c8bd10,8f104af9-904d-5c14-bd62-cdf3e2f7400f,b80b64f7-17e9-517f-ad95-32a1c548bbaa
ba6e3b18-bccb-5149-adae-530286c8bd10,8f104af9-904d-5c14-bd62-cdf3e2f7400f,72750958-0977-5908-a241-939d02a9de64
ba6e3b18-bccb-5149-adae-530286c8bd10,9bc0e783-fe8f-5e44-8477-5a8ac0def795,b80b64f7-17e9-517f-ad95-32a1c548bbaa
ba6e3b18-bccb-5149-adae-530286c8bd10,9bc0e783-fe8f-5e44-8477-5a8ac0def795,0addf703-5c18-57eb-8427-b97b3bf199a8
ba6e3b18-bccb-5149-adae-530286c8bd10,01cb9477-e192-5afe-a0fb-e08727f00ccb,b80b64f7-17e9-517f-ad95-32a1c548bbaa
ba6e3b18-bccb-5149-adae-530286c8bd10,01cb9477-e192-5afe-a0fb-e08727f00ccb,0addf703-5c18-57eb-8427-b97b3bf199a8
ba6e3b18-bccb-5149-adae-530286c8bd10,8dd67cfa-d25a-5494-bf0b-decafa97db0e,b80b64f7-17e9-517f-ad95-32a1c548bbaa
ba6e3b18-bccb-5149-adae-530286c8bd10,8dd67cfa-d25a-5494-bf0b-decafa97db0e,0addf703-5c18-57eb-8427-b97b3bf199a8
ba6e3b18-bccb-5149-adae-530286c8bd10,c10b5013-be55-5ed4-9c63-6fc56303c9d5,b80b64f7-17e9-517f-ad95-32a1c548bbaa
ba6e3b18-bccb-5149-adae-530286c8bd10,c10b5013-be55-5ed4-9c63-6fc56303c9d5,0addf703-5c18-57eb-8427-b97b3bf199a8
ba6e3b18-bccb-5149-adae-530286c8bd10,78a82a84-4032-59c1-a2f7-19a7b78a9b18,215602f9-889d-5d64-bcef-41e2ef6cd3d5
ba6e3b18-bccb-5149-adae-530286c8bd10,78a82a84-4032-59c1-a2f7-19a7b78a9b18,72750958-0977-5908-a241-939d02a9de64
ba6e3b18-bccb-5149-adae-530286c8bd10,12267388-fa3b-5886-a8cf-50b6e2b40296,215602f9-889d-5d64-bcef-41e2ef6cd3d5
ba6e3b18-bccb-5149-adae-530286c8bd10,12267388-fa3b-5886-a8cf-50b6e2b40296,72750958-0977-5908-a241-939d02a9de64
ba6e3b18-bccb-5149-adae-530286c8bd10,6df16641-9224-565f-9595-e382e796ddd4,215602f9-889d-5d64-bcef-41e2ef6cd3d5
ba6e3b18-bccb-5149-adae-530286c8bd10,6df16641-9224-565f-9595-e382e796ddd4,72750958-0977-5908-a241-939d02a9de64
ba6e3b18-bccb-5149-adae-530286c8bd10,247cf24a-64a6-5210-9923-74902df199fc,215602f9-889d-5d64-bcef-41e2ef6cd3d5
ba6e3b18-bccb-5149-adae-530286c8bd10,247cf24a-64a6-5210-9923-74902df199fc,72750958-0977-5908-a241-939d02a9de64
ba6e3b18-bccb-5149-adae-530286c8bd10,f1ae60bf-57dc-53c6-a1cf-051c456f0e94,215602f9-889d-5d64-bcef-41e2ef6cd3d5
ba6e3b18-bccb-5149-adae-530286c8bd10,f1ae60bf-57dc-53c6-a1cf-051c456f0e94,0addf703-5c18-57eb-8427-b97b3bf199a8
ba6e3b18-bccb-5149-adae-530286c8bd10,2b42480d-5c05-5115-9746-433eaef4230e,215602f9-889d-5d64-bcef-41e2ef6cd3d5
ba6e3b18-bccb-5149-adae-530286c8bd10,2b42480d-5c05-5115-9746-433eaef4230e,0addf703-5c18-57eb-8427-b97b3bf199a8
ba6e3b18-bccb-5149-adae-530286c8bd10,25bf2c7b-c9e9-5b5e-aa4a-a238b8bfa078,215602f9-889d-5d64-bcef-41e2ef6cd3d5
ba6e3b18-bccb-5149-adae-530286c8bd10,25bf2c7b-c9e9-5b5e-aa4a-a238b8bfa078,0addf703-5c18-57eb-8427-b97b3bf199a8
ba6e3b18-bccb-5149-adae-530286c8bd10,051d61f5-a308-5847-b7e2-2a7d907b1017,215602f9-889d-5d64-bcef-41e2ef6cd3d5
ba6e3b18-bccb-5149-adae-530286c8bd10,051d61f5-a308-5847-b7e2-2a7d907b1017,0addf703-5c18-57eb-8427-b97b3bf199a8
ba6e3b18-bccb-5149-adae-530286c8bd10,d2e04c67-2723-5434-90b5-9040d10f6891,688ef752-f718-5a62-a294-c7f776a71acb
ba6e3b18-bccb-5149-adae-530286c8bd10,d2e04c67-2723-5434-90b5-9040d10f6891,72750958-0977-5908-a241-939d02a9de64
ba6e3b18-bccb-5149-adae-530286c8bd10,1184c483-951f-514f-be3b-6692dc1127d2,688ef752-f718-5a62-a294-c7f776a71acb
ba6e3b18-bccb-5149-adae-530286c8bd10,1184c483-951f-514f-be3b-6692dc1127d2,72750958-0977-5908-a241-939d02a9de64
ba6e3b18-bccb-5149-adae-530286c8bd10,ac8c87de-8ddc-5f16-90ee-18d65ef2b2b2,688ef752-f718-5a62-a294-c7f776a71acb
ba6e3b18-bccb-5149-adae-530286c8bd10,ac8c87de-8ddc-5f16-90ee-18d65ef2b2b2,72750958-0977-5908-a241-939d02a9de64
ba6e3b18-bccb-5149-adae-530286c8bd10,c6977fa6-8c11-5700-8aa2-a214af4e22c6,688ef752-f718-5a62-a294-c7f776a71acb
ba6e3b18-bccb-5149-adae-530286c8bd10,c6977fa6-8c11-5700-8aa2-a214af4e22c6,72750958-0977-5908-a241-939d02a9de64
ba6e3b18-bccb-5149-adae-530286c8bd10,58b8febd-0808-5ebd-9a10-a53744de0a46,688ef752-f718-5a62-a294-c7f776a71acb
ba6e3b18-bccb-5149-adae-530286c8bd10,58b8febd-0808-5ebd-9a10-a53744de0a46,0addf703-5c18-57eb-8427-b97b3bf199a8
ba6e3b18-bccb-5149-adae-530286c8bd10,8b4442ec-a7c3-5004-b450-404b694069a8,688ef752-f718-5a62-a294-c7f776a71acb
ba6e3b18-bccb-5149-adae-530286c8bd10,8b4442ec-a7c3-5004-b450-404b694069a8,0addf703-5c18-57eb-8427-b97b3bf199a8
ba6e3b18-bccb-5149-adae-530286c8bd10,0bf6ddf1-8368-5f8e-8ab0-ee481a00e09e,688ef752-f718-5a62-a294-c7f776a71acb
ba6e3b18-bccb-5149-adae-530286c8bd10,0bf6ddf1-8368-5f8e-8ab0-ee481a00e09e,0addf703-5c18-57eb-8427-b97b3bf199a8
ba6e3b18-bccb-5149-adae-530286c8bd10,d1cfec09-fda4-54af-a5f6-5bbb27f4e383,688ef752-f718-5a62-a294-c7f776a71acb
ba6e3b18-bccb-5149-adae-530286c8bd10,d1cfec09-fda4-54af-a5f6-5bbb27f4e383,0addf703-5c18-57eb-8427-b97b3bf199a8
ba6e3b18-bccb-5149-adae-530286c8bd10,de9053e1-1f6d-51aa-83ff-5574c2249693,b80b64f7-17e9-517f-ad95-32a1c548bbaa
ba6e3b18-bccb-5149-adae-530286c8bd10,de9053e1-1f6d-51aa-83ff-5574c2249693,72750958-0977-5908-a241-939d02a9de64
ba6e3b18-bccb-5149-adae-530286c8bd10,6e58e65a-d2b0-5826-a97d-8a1acdcba32f,b80b64f7-17e9-517f-ad95-32a1c548bbaa
ba6e3b18-bccb-5149-adae-530286c8bd10,6e58e65a-d2b0-5826-a97d-8a1acdcba32f,72750958-0977-5908-a241-939d02a9de64
ba6e3b18-bccb-5149-adae-530286c8bd10,929a42c6-3f9a-5eb2-90df-571290aa742b,b80b64f7-17e9-517f-ad95-32a1c548bbaa
ba6e3b18-bccb-5149-adae-530286c8bd10,929a42c6-3f9a-5eb2-90df-571290aa742b,72750958-0977-5908-a241-939d02a9de64
ba6e3b18-bccb-5149-adae-530286c8bd10,d1498e5a-c7f2-5ed8-9c30-b00de0205be0,b80b64f7-17e9-517f-ad95-32a1c548bbaa
ba6e3b18-bccb-5149-adae-530286c8bd10,d1498e5a-c7f2-5ed8-9c30-b00de0205be0,72750958-0977-5908-a241-939d02a9de64
ba6e3b18-bccb-5149-adae-530286c8bd10,c0b7ee78-5234-5c4d-83a3-5b25f9a630fd,b80b64f7-17e9-517f-ad95-32a1c548bbaa
ba6e3b18-bccb-5149-adae-530286c8bd10,c0b7ee78-5234-5c4d-83a3-5b25f9a630fd,0addf703-5c18-57eb-8427-b97b3bf199a8
ba6e3b18-bccb-5149-adae-530286c8bd10,79826860-d795-5c83-bf1e-5c056495da6b,b80b64f7-17e9-517f-ad95-32a1c548bbaa
ba6e3b18-bccb-5149-adae-530286c8bd10,79826860-d795-5c83-bf1e-5c056495da6b,0addf703-5c18-57eb-8427-b97b3bf199a8
ba6e3b18-bccb-5149-adae-530286c8bd10,b935edfc-448b-5677-af4b-0cdae4d71ae3,b80b64f7-17e9-517f-ad95-32a1c548bbaa
ba6e3b18-bccb-5149-adae-530286c8bd10,b935edfc-448b-5677-af4b-0cdae4d71ae3,0addf703-5c18-57eb-8427-b97b3bf199a8
ba6e3b18-bccb-5149-adae-530286c8bd10,886db217-0c78-50d0-b0d7-8f7963d5ed94,b80b64f7-17e9-517f-ad95-32a1c548bbaa
ba6e3b18-bccb-5149-adae-530286c8bd10,886db217-0c78-50d0-b0d7-8f7963d5ed94,0addf703-5c18-57eb-8427-b97b3bf199a8
ba6e3b18-bccb-5149-adae-530286c8bd10,7a67fc3f-a6fd-5be0-91d9-bcf8bfc502fb,215602f9-889d-5d64-bcef-41e2ef6cd3d5
ba6e3b18-bccb-5149-adae-530286c8bd10,7a67fc3f-a6fd-5be0-91d9-bcf8bfc502fb,72750958-0977-5908-a241-939d02a9de64
ba6e3b18-bccb-5149-adae-530286c8bd10,86030162-5841-5ea6-8116-7232be69d86f,215602f9-889d-5d64-bcef-41e2ef6cd3d5
ba6e3b18-bccb-5149-adae-530286c8bd10,86030162-5841-5ea6-8116-7232be69d86f,72750958-0977-5908-a241-939d02a9de64
ba6e3b18-bccb-5149-adae-530286c8bd10,fddcd252-965b-5b4f-be02-142efda3ebdb,215602f9-889d-5d64-bcef-41e2ef6cd3d5
ba6e3b18-bccb-5149-adae-530286c8bd10,fddcd252-965b-5b4f-be02-142efda3ebdb,72750958-0977-5908-a241-939d02a9de64
ba6e3b18-bccb-5149-adae-530286c8bd10,530f9464-a071-5133-a67d-41406aa8e1d2,215602f9-889d-5d64-bcef-41e2ef6cd3d5
ba6e3b18-bccb-5149-adae-530286c8bd10,530f9464-a071-5133-a67d-41406aa8e1d2,72750958-0977-5908-a241-939d02a9de64
ba6e3b18-bccb-5149-adae-530286c8bd10,2b8d631f-2c8a-54e1-b000-4cc54a230e96,215602f9-889d-5d64-bcef-41e2ef6cd3d5
ba6e3b18-bccb-5149-adae-530286c8bd10,2b8d631f-2c8a-54e1-b000-4cc54a230e96,0addf703-5c18-57eb-8427-b97b3bf199a8
ba6e3b18-bccb-5149-adae-530286c8bd10,20d90b05-dd2c-5388-8e4b-e716ad30bbf3,215602f9-889d-5d64-bcef-41e2ef6cd3d5
ba6e3b18-bccb-5149-adae-530286c8bd10,20d90b05-dd2c-5388-8e4b-e716ad30bbf3,0addf703-5c18-57eb-8427-b97b3bf199a8
ba6e3b18-bccb-5149-adae-530286c8bd10,157539b0-21f1-5538-b725-3d927cd4d6fe,215602f9-889d-5d64-bcef-41e2ef6cd3d5
ba6e3b18-bccb-5149-adae-530286c8bd10,157539b0-21f1-5538-b725-3d927cd4d6fe,0addf703-5c18-57eb-8427-b97b3bf199a8
ba6e3b18-bccb-5149-adae-530286c8bd10,29645678-9e09-59c3-8769-0821b301efbf,215602f9-889d-5d64-bcef-41e2ef6cd3d5
ba6e3b18-bccb-5149-adae-530286c8bd10,29645678-9e09-59c3-8769-0821b301efbf,0addf703-5c18-57eb-8427-b97b3bf199a8
ba6e3b18-bccb-5149-adae-530286c8bd10,9c00bf33-3fd4-5ac1-be07-4c8f34967785,688ef752-f718-5a62-a294-c7f776a71acb
ba6e3b18-bccb-5149-adae-530286c8bd10,9c00bf33-3fd4-5ac1-be07-4c8f34967785,72750958-0977-5908-a241-939d02a9de64
ba6e3b18-bccb-5149-adae-530286c8bd10,1d35b5fe-c1a9-5824-a49b-3fb5b9015502,688ef752-f718-5a62-a294-c7f776a71acb
ba6e3b18-bccb-5149-adae-530286c8bd10,1d35b5fe-c1a9-5824-a49b-3fb5b9015502,72750958-0977-5908-a241-939d02a9de64
ba6e3b18-bccb-5149-adae-530286c8bd10,2df62cd6-3fab-50df-ac9f-81ee4979b273,688ef752-f718-5a62-a294-c7f776a71acb
ba6e3b18-bccb-5149-adae-530286c8bd10,2df62cd6-3fab-50df-ac9f-81ee4979b273,72750958-0977-5908-a241-939d02a9de64
ba6e3b18-bccb-5149-adae-530286c8bd10,9219b74b-df60-56f7-a745-dc3a65730918,688ef752-f718-5a62-a294-c7f776a71acb
ba6e3b18-bccb-5149-adae-530286c8bd10,9219b74b-df60-56f7-a745-dc3a65730918,72750958-0977-5908-a241-939d02a9de64
ba6e3b18-bccb-5149-adae-530286c8bd10,86bca201-7a7e-533c-8934-7b395a04cabb,688ef752-f718-5a62-a294-c7f776a71acb
ba6e3b18-bccb-5149-adae-530286c8bd10,86bca201-7a7e-533c-8934-7b395a04cabb,0addf703-5c18-57eb-8427-b97b3bf199a8
ba6e3b18-bccb-5149-adae-530286c8bd10,39f43e4c-5a74-5325-8c4a-245b8de5d67d,688ef752-f718-5a62-a294-c7f776a71acb
ba6e3b18-bccb-5149-adae-530286c8bd10,39f43e4c-5a74-5325-8c4a-245b8de5d67d,0addf703-5c18-57eb-8427-b97b3bf199a8
ba6e3b18-bccb-5149-adae-530286c8bd10,7248d220-4d28-5d3a-aaba-516c0dc5e56d,688ef752-f718-5a62-a294-c7f776a71acb
ba6e3b18-bccb-5149-adae-530286c8bd10,7248d220-4d28-5d3a-aaba-516c0dc5e56d,0addf703-5c18-57eb-8427-b97b3bf199a8
ba6e3b18-bccb-5149-adae-530286c8bd10,eae36b33-9c2a-5299-ba1d-9b83445f4a27,688ef752-f718-5a62-a294-c7f776a71acb
ba6e3b18-bccb-5149-adae-530286c8bd10,eae36b33-9c2a-5299-ba1d-9b83445f4a27,0addf703-5c18-57eb-8427-b97b3bf199a8
