id,tenant_id,class_id,academic_period_id,class_subject_id,schedule_id,date,start_time,end_time
3fedbc25-ed78-59ef-b400-67237a91acd5,ba6e3b18-bccb-5149-adae-530286c8bd10,de9053e1-1f6d-51aa-83ff-5574c2249693,8069954c-e8c3-5510-8cfd-2d8cd59bd065,ea9bdb26-43a0-5abd-ad9b-917243df9d98,d5777b59-8fa4-5be8-baf6-c8893b49e88f,2026-02-02T00:00:00,2026-02-02T07:00:00,2026-02-02T09:00:00
059cdc7a-0313-560d-a3a3-21a56a1618d6,ba6e3b18-bccb-5149-adae-530286c8bd10,de9053e1-1f6d-51aa-83ff-5574c2249693,8069954c-e8c3-5510-8cfd-2d8cd59bd065,18d4bd33-4da8-5955-a8ca-7c331bb5a136,44983f6a-f7c6-5571-a51d-df832522cd46,2026-02-02T00:00:00,2026-02-02T09:00:00,2026-02-02T11:00:00
9fba9f2d-19f9-5d85-85c2-5d61a6ba5982,ba6e3b18-bccb-5149-adae-530286c8bd10,de9053e1-1f6d-51aa-83ff-5574c2249693,8069954c-e8c3-5510-8cfd-2d8cd59bd065,0915e11c-95ed-5ed8-bb3f-1f4bdc175dd2,b5c3463e-ecf1-5af1-96eb-b6ef2368579f,2026-02-02T00:00:00,2026-02-02T11:00:00,2026-02-02T13:00:00
6bbcfe2b-507b-564d-ac85-5543eba832d6,ba6e3b18-bccb-5149-adae-530286c8bd10,de9053e1-1f6d-51aa-83ff-5574c2249693,8069954c-e8c3-5510-8cfd-2d8cd59bd065,dac82ccc-34f8-59d2-b065-9c57030b27cc,0f955e6a-620d-5977-8325-98d1ef7df34b,2026-02-02T00:00:00,2026-02-02T13:00:00,2026-02-02T14:00:00
e8f2c645-bf99-5c76-9ff3-7097708d7ab6,ba6e3b18-bccb-5149-adae-530286c8bd10,de9053e1-1f6d-51aa-83ff-5574c2249693,8069954c-e8c3-5510-8cfd-2d8cd59bd065,a28d507a-eaf1-57c4-b19c-6015cd293dac,5f5187f9-5100-59d3-9732-43995c9aa2be,2026-02-02T00:00:00,2026-02-02T14:00:00,2026-02-02T15:00:00
751bb8fd-da10-57b1-95c1-03f155f71c91,ba6e3b18-bccb-5149-adae-530286c8bd10,de9053e1-1f6d-51aa-83ff-5574c2249693,8069954c-e8c3-5510-8cfd-2d8cd59bd065,5a1a9e2e-a264-5d94-972f-e76e449c6206,7ca6525c-3e06-5b73-9845-8234ce6be5f0,2026-02-03T00:00:00,2026-02-03T07:00:00,2026-02-03T08:00:00
b355591c-5447-56d9-a96f-bbf45b03757c,ba6e3b18-bccb-5149-adae-530286c8bd10,de9053e1-1f6d-51aa-83ff-5574c2249693,8069954c-e8c3-5510-8cfd-2d8cd59bd065,288cb2fb-3105-5830-bcaa-c7584ccbcf64,12524267-bea4-5212-9662-cf2f2965ea1e,2026-02-03T00:00:00,2026-02-03T08:00:00,2026-02-03T10:00:00
437e5589-759c-5514-b9d7-b38fb7d855c6,ba6e3b18-bccb-5149-adae-530286c8bd10,de9053e1-1f6d-51aa-83ff-5574c2249693,8069954c-e8c3-5510-8cfd-2d8cd59bd065,c7cb8daf-f367-53ff-8517-f9ea1747edbe,5697e8e4-c7a1-543e-8a25-8bbad05bf8f4,2026-02-03T00:00:00,2026-02-03T10:00:00,2026-02-03T11:00:00
12cefb9e-c164-5f8d-99a0-1fbf188b90c1,ba6e3b18-bccb-5149-adae-530286c8bd10,de9053e1-1f6d-51aa-83ff-5574c2249693,8069954c-e8c3-5510-8cfd-2d8cd59bd065,29c39dcf-d272-5986-a359-ae6553f9207d,0d25a182-b7ee-50d3-97cb-093eb42d8ece,2026-02-03T00:00:00,2026-02-03T11:00:00,2026-02-03T13:00:00
316ec34a-ef43-5807-9755-6ebd69aa41ae,ba6e3b18-bccb-5149-adae-530286c8bd10,de9053e1-1f6d-51aa-83ff-5574c2249693,8069954c-e8c3-5510-8cfd-2d8cd59bd065,c714b025-2350-5635-941b-f1d9f6e2d6ad,9d98929f-cc43-5da2-b58b-be2bdeb70c5e,2026-02-03T00:00:00,2026-02-03T13:00:00,2026-02-03T14:00:00
daf2a136-6c52-5257-b26c-968462a84fed,ba6e3b18-bccb-5149-adae-530286c8bd10,de9053e1-1f6d-51aa-83ff-5574c2249693,8069954c-e8c3-5510-8cfd-2d8cd59bd065,ea9bdb26-43a0-5abd-ad9b-917243df9d98,abc160e6-e619-53a7-8315-ec5f65a161fd,2026-02-04T00:00:00,2026-02-04T07:00:00,2026-02-04T08:00:00
681d20f7-fb83-5f07-b8c9-0315f061a1e7,ba6e3b18-bccb-5149-adae-530286c8bd10,de9053e1-1f6d-51aa-83ff-5574c2249693,8069954c-e8c3-5510-8cfd-2d8cd59bd065,18d4bd33-4da8-5955-a8ca-7c331bb5a136,80465ab7-6408-5a32-b725-cc68fc2efbe8,2026-02-04T00:00:00,2026-02-04T08:00:00,2026-02-04T09:00:00
72f3baed-2af6-5f2b-9b3d-56a31b528d8a,ba6e3b18-bccb-5149-adae-530286c8bd10,de9053e1-1f6d-51aa-83ff-5574c2249693,8069954c-e8c3-5510-8cfd-2d8cd59bd065,0915e11c-95ed-5ed8-bb3f-1f4bdc175dd2,276b95de-94a8-533a-be94-0c26a659eba4,2026-02-04T00:00:00,2026-02-04T09:00:00,2026-02-04T11:00:00
9aa0de95-6ac2-5d4d-9614-d6256c810783,ba6e3b18-bccb-5149-adae-530286c8bd10,de9053e1-1f6d-51aa-83ff-5574c2249693,8069954c-e8c3-5510-8cfd-2d8cd59bd065,dac82ccc-34f8-59d2-b065-9c57030b27cc,972de3d8-1bc5-52d8-848a-f95024de7ca0,2026-02-04T00:00:00,2026-02-04T11:00:00,2026-02-04T13:00:00
db30b79f-093e-525d-aba2-dc285fd12293,ba6e3b18-bccb-5149-adae-530286c8bd10,de9053e1-1f6d-51aa-83ff-5574c2249693,8069954c-e8c3-5510-8cfd-2d8cd59bd065,a28d507a-eaf1-57c4-b19c-6015cd293dac,aaa28818-f190-52ee-a659-7fe892c10f9c,2026-02-05T00:00:00,2026-02-05T07:00:00,2026-02-05T08:00:00
b493bc30-1667-5124-9949-587024dc9c80,ba6e3b18-bccb-5149-adae-530286c8bd10,de9053e1-1f6d-51aa-83ff-5574c2249693,8069954c-e8c3-5510-8cfd-2d8cd59bd065,5a1a9e2e-a264-5d94-972f-e76e449c6206,979acfe6-7fa3-54f6-8080-c0bd9d8afe4b,2026-02-05T00:00:00,2026-02-05T08:00:00,2026-02-05T10:00:00
4f268b0c-b204-54e4-827e-c5a6d57a9635,ba6e3b18-bccb-5149-adae-530286c8bd10,de9053e1-1f6d-51aa-83ff-5574c2249693,8069954c-e8c3-5510-8cfd-2d8cd59bd065,288cb2fb-3105-5830-bcaa-c7584ccbcf64,08d793f7-97f0-51af-bc4f-543bb9b67e28,2026-02-05T00:00:00,2026-02-05T10:00:00,2026-02-05T11:00:00
6970d533-6db3-5af5-a848-d13c59828b1c,ba6e3b18-bccb-5149-adae-530286c8bd10,de9053e1-1f6d-51aa-83ff-5574c2249693,8069954c-e8c3-5510-8cfd-2d8cd59bd065,c7cb8daf-f367-53ff-8517-f9ea1747edbe,12f44f80-7e56-5d9b-848c-ac80bb84bae4,2026-02-05T00:00:00,2026-02-05T11:00:00,2026-02-05T13:00:00
51dd77da-e41d-5b6e-ad06-689fb73e4f7a,ba6e3b18-bccb-5149-adae-530286c8bd10,de9053e1-1f6d-51aa-83ff-5574c2249693,8069954c-e8c3-5510-8cfd-2d8cd59bd065,29c39dcf-d272-5986-a359-ae6553f9207d,90e31b62-e5fd-53e6-a71b-e0a004701ec5,2026-02-05T00:00:00,2026-02-05T13:00:00,2026-02-05T14:00:00
288ece66-6dcd-5ce2-a68a-8f07dc424c29,ba6e3b18-bccb-5149-adae-530286c8bd10,de9053e1-1f6d-51aa-83ff-5574c2249693,8069954c-e8c3-5510-8cfd-2d8cd59bd065,c714b025-2350-5635-941b-f1d9f6e2d6ad,07c08985-8351-539b-8d82-7f070ebc5a86,2026-02-06T00:00:00,2026-02-06T07:00:00,2026-02-06T09:00:00
c1452981-935c-52d0-a041-5a6a0a2d431e,ba6e3b18-bccb-5149-adae-530286c8bd10,de9053e1-1f6d-51aa-83ff-5574c2249693,8069954c-e8c3-5510-8cfd-2d8cd59bd065,ea9bdb26-43a0-5abd-ad9b-917243df9d98,0c54ba05-1a42-50c9-af49-b24754e17a0e,2026-02-06T00:00:00,2026-02-06T09:00:00,2026-02-06T11:00:00
6a117eab-30d2-5fa5-8da9-ae242cfe8871,ba6e3b18-bccb-5149-adae-530286c8bd10,de9053e1-1f6d-51aa-83ff-5574c2249693,8069954c-e8c3-5510-8cfd-2d8cd59bd065,18d4bd33-4da8-5955-a8ca-7c331bb5a136,2e9b066b-a8c7-5111-95a6-0e7a6fd16aad,2026-02-06T00:00:00,2026-02-06T11:00:00,2026-02-06T12:00:00
c5bf16ee-86e1-5b16-8f5c-bd88fbb1eebf,ba6e3b18-bccb-5149-adae-530286c8bd10,de9053e1-1f6d-51aa-83ff-5574c2249693,8069954c-e8c3-5510-8cfd-2d8cd59bd065,0915e11c-95ed-5ed8-bb3f-1f4bdc175dd2,25bb0e08-7319-5ca2-95a1-b89d8d986c77,2026-02-06T00:00:00,2026-02-06T12:00:00,2026-02-06T13:00:00
719d287f-2e50-5751-afff-dfe803c3f825,ba6e3b18-bccb-5149-adae-530286c8bd10,de9053e1-1f6d-51aa-83ff-5574c2249693,8069954c-e8c3-5510-8cfd-2d8cd59bd065,ea9bdb26-43a0-5abd-ad9b-917243df9d98,d5777b59-8fa4-5be8-baf6-c8893b49e88f,2026-02-09T00:00:00,2026-02-09T07:00:00,2026-02-09T09:00:00
50ef768f-00ba-5d31-be2b-11dfec7e63f9,ba6e3b18-bccb-5149-adae-530286c8bd10,de9053e1-1f6d-51aa-83ff-5574c2249693,8069954c-e8c3-5510-8cfd-2d8cd59bd065,18d4bd33-4da8-5955-a8ca-7c331bb5a136,44983f6a-f7c6-5571-a51d-df832522cd46,2026-02-09T00:00:00,2026-02-09T09:00:00,2026-02-09T11:00:00
1acf8cba-5bb5-59f6-982b-4b460f52734f,ba6e3b18-bccb-5149-adae-530286c8bd10,de9053e1-1f6d-51aa-83ff-5574c2249693,8069954c-e8c3-5510-8cfd-2d8cd59bd065,0915e11c-95ed-5ed8-bb3f-1f4bdc175dd2,b5c3463e-ecf1-5af1-96eb-b6ef2368579f,2026-02-09T00:00:00,2026-02-09T11:00:00,2026-02-09T13:00:00
4a9f170e-594b-5e9d-a842-a632226c9924,ba6e3b18-bccb-5149-adae-530286c8bd10,de9053e1-1f6d-51aa-83ff-5574c2249693,8069954c-e8c3-5510-8cfd-2d8cd59bd065,dac82ccc-34f8-59d2-b065-9c57030b27cc,0f955e6a-620d-5977-8325-98d1ef7df34b,2026-02-09T00:00:00,2026-02-09T13:00:00,2026-02-09T14:00:00
5864c1d3-cc3c-5006-bda4-94e2fe56685c,ba6e3b18-bccb-5149-adae-530286c8bd10,de9053e1-1f6d-51aa-83ff-5574c2249693,8069954c-e8c3-5510-8cfd-2d8cd59bd065,a28d507a-eaf1-57c4-b19c-6015cd293dac,5f5187f9-5100-59d3-9732-43995c9aa2be,2026-02-09T00:00:00,2026-02-09T14:00:00,2026-02-09T15:00:00
ad1952be-b529-5701-94d8-76bd8280f156,ba6e3b18-bccb-5149-adae-530286c8bd10,de9053e1-1f6d-51aa-83ff-5574c2249693,8069954c-e8c3-5510-8cfd-2d8cd59bd065,5a1a9e2e-a264-5d94-972f-e76e449c6206,7ca6525c-3e06-5b73-9845-8234ce6be5f0,2026-02-10T00:00:00,2026-02-10T07:00:00,2026-02-10T08:00:00
f92b1205-c7e1-586d-a192-897ff875ac4b,ba6e3b18-bccb-5149-adae-530286c8bd10,de9053e1-1f6d-51aa-83ff-5574c2249693,8069954c-e8c3-5510-8cfd-2d8cd59bd065,288cb2fb-3105-5830-bcaa-c7584ccbcf64,12524267-bea4-5212-9662-cf2f2965ea1e,2026-02-10T00:00:00,2026-02-10T08:00:00,2026-02-10T10:00:00
e62eaced-bc10-52fb-ac1b-19acb1e56515,ba6e3b18-bccb-5149-adae-530286c8bd10,de9053e1-1f6d-51aa-83ff-5574c2249693,8069954c-e8c3-5510-8cfd-2d8cd59bd065,c7cb8daf-f367-53ff-8517-f9ea1747edbe,5697e8e4-c7a1-543e-8a25-8bbad05bf8f4,2026-02-10T00:00:00,2026-02-10T10:00:00,2026-02-10T11:00:00
f13352bc-db53-56fb-9c8f-57e9a7ba992f,ba6e3b18-bccb-5149-adae-530286c8bd10,de9053e1-1f6d-51aa-83ff-5574c2249693,8069954c-e8c3-5510-8cfd-2d8cd59bd065,29c39dcf-d272-5986-a359-ae6553f9207d,0d25a182-b7ee-50d3-97cb-093eb42d8ece,2026-02-10T00:00:00,2026-02-10T11:00:00,2026-02-10T13:00:00
86095ca4-a6a9-53d2-b01d-f7ed7770f209,ba6e3b18-bccb-5149-adae-530286c8bd10,de9053e1-1f6d-51aa-83ff-5574c2249693,8069954c-e8c3-5510-8cfd-2d8cd59bd065,c714b025-2350-5635-941b-f1d9f6e2d6ad,9d98929f-cc43-5da2-b58b-be2bdeb70c5e,2026-02-10T00:00:00,2026-02-10T13:00:00,2026-02-10T14:00:00
af96f19e-01cf-57c2-92c0-aa47e9d2166f,ba6e3b18-bccb-5149-adae-530286c8bd10,de9053e1-1f6d-51aa-83ff-5574c2249693,8069954c-e8c3-5510-8cfd-2d8cd59bd065,ea9bdb26-43a0-5abd-ad9b-917243df9d98,abc160e6-e619-53a7-8315-ec5f65a161fd,2026-02-11T00:00:00,2026-02-11T07:00:00,2026-02-11T08:00:00
05735948-0fce-54a0-b869-0218f8f32619,ba6e3b18-bccb-5149-adae-530286c8bd10,de9053e1-1f6d-51aa-83ff-5574c2249693,8069954c-e8c3-5510-8cfd-2d8cd59bd065,18d4bd33-4da8-5955-a8ca-7c331bb5a136,80465ab7-6408-5a32-b725-cc68fc2efbe8,2026-02-11T00:00:00,2026-02-11T08:00:00,2026-02-11T09:00:00
32baa66f-54b2-5acc-a261-a5e2aba762a1,ba6e3b18-bccb-5149-adae-530286c8bd10,de9053e1-1f6d-51aa-83ff-5574c2249693,8069954c-e8c3-5510-8cfd-2d8cd59bd065,0915e11c-95ed-5ed8-bb3f-1f4bdc175dd2,276b95de-94a8-533a-be94-0c26a659eba4,2026-02-11T00:00:00,2026-02-11T09:00:00,2026-02-11T11:00:00
0155944c-b527-54f2-8a47-7dc1b0e1754e,ba6e3b18-bccb-5149-adae-530286c8bd10,de9053e1-1f6d-51aa-83ff-5574c2249693,8069954c-e8c3-5510-8cfd-2d8cd59bd065,dac82ccc-34f8-59d2-b065-9c57030b27cc,972de3d8-1bc5-52d8-848a-f95024de7ca0,2026-02-11T00:00:00,2026-02-11T11:00:00,2026-02-11T13:00:00
096af78e-4258-545b-9674-9c69f83ff0ff,ba6e3b18-bccb-5149-adae-530286c8bd10,de9053e1-1f6d-51aa-83ff-5574c2249693,8069954c-e8c3-5510-8cfd-2d8cd59bd065,a28d507a-eaf1-57c4-b19c-6015cd293dac,aaa28818-f190-52ee-a659-7fe892c10f9c,2026-02-12T00:00:00,2026-02-12T07:00:00,2026-02-12T08:00:00
6dc608c2-2689-5438-9d37-626410eabb0b,ba6e3b18-bccb-5149-adae-530286c8bd10,de9053e1-1f6d-51aa-83ff-5574c2249693,8069954c-e8c3-5510-8cfd-2d8cd59bd065,5a1a9e2e-a264-5d94-972f-e76e449c6206,979acfe6-7fa3-54f6-8080-c0bd9d8afe4b,2026-02-12T00:00:00,2026-02-12T08:00:00,2026-02-12T10:00:00
7293ca16-87d1-5235-97ee-318fb1f76250,ba6e3b18-bccb-5149-adae-530286c8bd10,de9053e1-1f6d-51aa-83ff-5574c2249693,8069954c-e8c3-5510-8cfd-2d8cd59bd065,288cb2fb-3105-5830-bcaa-c7584ccbcf64,08d793f7-97f0-51af-bc4f-543bb9b67e28,2026-02-12T00:00:00,2026-02-12T10:00:00,2026-02-12T11:00:00
02d0590e-9a43-5507-812f-7fbc20c80c76,ba6e3b18-bccb-5149-adae-530286c8bd10,de9053e1-1f6d-51aa-83ff-5574c2249693,8069954c-e8c3-5510-8cfd-2d8cd59bd065,c7cb8daf-f367-53ff-8517-f9ea1747edbe,12f44f80-7e56-5d9b-848c-ac80bb84bae4,2026-02-12T00:00:00,2026-02-12T11:00:00,2026-02-12T13:00:00
298342ff-7188-5c9a-b1dc-e8c4c4ee31de,ba6e3b18-bccb-5149-adae-530286c8bd10,de9053e1-1f6d-51aa-83ff-5574c2249693,8069954c-e8c3-5510-8cfd-2d8cd59bd065,29c39dcf-d272-5986-a359-ae6553f9207d,90e31b62-e5fd-53e6-a71b-e0a004701ec5,2026-02-12T00:00:00,2026-02-12T13:00:00,2026-02-12T14:00:00
f4bda9e9-ad23-57c9-86cb-2dc5ca20d221,ba6e3b18-bccb-5149-adae-530286c8bd10,de9053e1-1f6d-51aa-83ff-5574c2249693,8069954c-e8c3-5510-8cfd-2d8cd59bd065,c714b025-2350-5635-941b-f1d9f6e2d6ad,07c08985-8351-539b-8d82-7f070ebc5a86,2026-02-13T00:00:00,2026-02-13T07:00:00,2026-02-13T09:00:00
711cecac-5a0e-51a5-9c13-4b8b746d9fb5,ba6e3b18-bccb-5149-adae-530286c8bd10,de9053e1-1f6d-51aa-83ff-5574c2249693,8069954c-e8c3-5510-8cfd-2d8cd59bd065,ea9bdb26-43a0-5abd-ad9b-917243df9d98,0c54ba05-1a42-50c9-af49-b24754e17a0e,2026-02-13T00:00:00,2026-02-13T09:00:00,2026-02-13T11:00:00
6c8166e0-0a12-53a7-bfe2-df7820e3289b,ba6e3b18-bccb-5149-adae-530286c8bd10,de9053e1-1f6d-51aa-83ff-5574c2249693,8069954c-e8c3-5510-8cfd-2d8cd59bd065,18d4bd33-4da8-5955-a8ca-7c331bb5a136,2e9b066b-a8c7-5111-95a6-0e7a6fd16aad,2026-02-13T00:00:00,2026-02-13T11:00:00,2026-02-13T12:00:00
41001cc6-155f-5d45-9a01-b9a32801b747,ba6e3b18-bccb-5149-adae-530286c8bd10,de9053e1-1f6d-51aa-83ff-5574c2249693,8069954c-e8c3-5510-8cfd-2d8cd59bd065,0915e11c-95ed-5ed8-bb3f-1f4bdc175dd2,25bb0e08-7319-5ca2-95a1-b89d8d986c77,2026-02-13T00:00:00,2026-02-13T12:00:00,2026-02-13T13:00:00
95f5806d-d9dc-5646-9139-6de5fcbcd5bd,ba6e3b18-bccb-5149-adae-530286c8bd10,de9053e1-1f6d-51aa-83ff-5574c2249693,8069954c-e8c3-5510-8cfd-2d8cd59bd065,ea9bdb26-43a0-5abd-ad9b-917243df9d98,d5777b59-8fa4-5be8-baf6-c8893b49e88f,2026-02-16T00:00:00,2026-02-16T07:00:00,2026-02-16T09:00:00
ab0d3088-e244-506e-b4bd-4651384572d6,ba6e3b18-bccb-5149-adae-530286c8bd10,de9053e1-1f6d-51aa-83ff-5574c2249693,8069954c-e8c3-5510-8cfd-2d8cd59bd065,18d4bd33-4da8-5955-a8ca-7c331bb5a136,44983f6a-f7c6-5571-a51d-df832522cd46,2026-02-16T00:00:00,2026-02-16T09:00:00,2026-02-16T11:00:00
54e3a073-fca0-5653-8d1f-b4a34f795764,ba6e3b18-bccb-5149-adae-530286c8bd10,de9053e1-1f6d-51aa-83ff-5574c2249693,8069954c-e8c3-5510-8cfd-2d8cd59bd065,0915e11c-95ed-5ed8-bb3f-1f4bdc175dd2,b5c3463e-ecf1-5af1-96eb-b6ef2368579f,2026-02-16T00:00:00,2026-02-16T11:00:00,2026-02-16T13:00:00
5d79665f-ca1f-520b-a8f6-163cdcd3fe94,ba6e3b18-bccb-5149-adae-530286c8bd10,de9053e1-1f6d-51aa-83ff-5574c2249693,8069954c-e8c3-5510-8cfd-2d8cd59bd065,dac82ccc-34f8-59d2-b065-9c57030b27cc,0f955e6a-620d-5977-8325-98d1ef7df34b,2026-02-16T00:00:00,2026-02-16T13:00:00,2026-02-16T14:00:00
530157e4-577b-5c25-8aff-89459030c11d,ba6e3b18-bccb-5149-adae-530286c8bd10,de9053e1-1f6d-51aa-83ff-5574c2249693,8069954c-e8c3-5510-8cfd-2d8cd59bd065,a28d507a-eaf1-57c4-b19c-6015cd293dac,5f5187f9-5100-59d3-9732-43995c9aa2be,2026-02-16T00:00:00,2026-02-16T14:00:00,2026-02-16T15:00:00
4d35d20a-4016-5b97-ae6b-36fbdf71c3cc,ba6e3b18-bccb-5149-adae-530286c8bd10,de9053e1-1f6d-51aa-83ff-5574c2249693,8069954c-e8c3-5510-8cfd-2d8cd59bd065,5a1a9e2e-a264-5d94-972f-e76e449c6206,7ca6525c-3e06-5b73-9845-8234ce6be5f0,2026-02-17T00:00:00,2026-02-17T07:00:00,2026-02-17T08:00:00
dab32036-7f72-54d7-8059-dfc3ad8ea15f,ba6e3b18-bccb-5149-adae-530286c8bd10,de9053e1-1f6d-51aa-83ff-5574c2249693,8069954c-e8c3-5510-8cfd-2d8cd59bd065,288cb2fb-3105-5830-bcaa-c7584ccbcf64,12524267-bea4-5212-9662-cf2f2965ea1e,2026-02-17T00:00:00,2026-02-17T08:00:00,2026-02-17T10:00:00
27e3674d-9823-5bb8-8029-059164ccad92,ba6e3b18-bccb-5149-adae-530286c8bd10,de9053e1-1f6d-51aa-83ff-5574c2249693,8069954c-e8c3-5510-8cfd-2d8cd59bd065,c7cb8daf-f367-53ff-8517-f9ea1747edbe,5697e8e4-c7a1-543e-8a25-8bbad05bf8f4,2026-02-17T00:00:00,2026-02-17T10:00:00,2026-02-17T11:00:00
888320a9-5796-5bb9-8824-9088b63d4fc1,ba6e3b18-bccb-5149-adae-530286c8bd10,de9053e1-1f6d-51aa-83ff-5574c2249693,8069954c-e8c3-5510-8cfd-2d8cd59bd065,29c39dcf-d272-5986-a359-ae6553f9207d,0d25a182-b7ee-50d3-97cb-093eb42d8ece,2026-02-17T00:00:00,2026-02-17T11:00:00,2026-02-17T13:00:00
a9486c24-e55b-5530-bc48-ee50f120a779,ba6e3b18-bccb-5149-adae-530286c8bd10,de9053e1-1f6d-51aa-83ff-5574c2249693,8069954c-e8c3-5510-8cfd-2d8cd59bd065,c714b025-2350-5635-941b-f1d9f6e2d6ad,9d98929f-cc43-5da2-b58b-be2bdeb70c5e,2026-02-17T00:00:00,2026-02-17T13:00:00,2026-02-17T14:00:00
e4077c9f-c3ab-576a-b35c-0cc131a1418c,ba6e3b18-bccb-5149-adae-530286c8bd10,de9053e1-1f6d-51aa-83ff-5574c2249693,8069954c-e8c3-5510-8cfd-2d8cd59bd065,ea9bdb26-43a0-5abd-ad9b-917243df9d98,abc160e6-e619-53a7-8315-ec5f65a161fd,2026-02-18T00:00:00,2026-02-18T07:00:00,2026-02-18T08:00:00
103c38af-523d-55dd-8c2c-6ba3621fa8ec,ba6e3b18-bccb-5149-adae-530286c8bd10,de9053e1-1f6d-51aa-83ff-5574c2249693,8069954c-e8c3-5510-8cfd-2d8cd59bd065,18d4bd33-4da8-5955-a8ca-7c331bb5a136,80465ab7-6408-5a32-b725-cc68fc2efbe8,2026-02-18T00:00:00,2026-02-18T08:00:00,2026-02-18T09:00:00
a5816e6e-05fb-5d85-8ea7-d155e7be6929,ba6e3b18-bccb-5149-adae-530286c8bd10,de9053e1-1f6d-51aa-83ff-5574c2249693,8069954c-e8c3-5510-8cfd-2d8cd59bd065,0915e11c-95ed-5ed8-bb3f-1f4bdc175dd2,276b95de-94a8-533a-be94-0c26a659eba4,2026-02-18T00:00:00,2026-02-18T09:00:00,2026-02-18T11:00:00
bf99ffc6-0c2f-5a88-a606-ad401cf6f908,ba6e3b18-bccb-5149-adae-530286c8bd10,de9053e1-1f6d-51aa-83ff-5574c2249693,8069954c-e8c3-5510-8cfd-2d8cd59bd065,dac82ccc-34f8-59d2-b065-9c57030b27cc,972de3d8-1bc5-52d8-848a-f95024de7ca0,2026-02-18T00:00:00,2026-02-18T11:00:00,2026-02-18T13:00:00
3cc9da07-e282-5fbb-9309-6719335cf19a,ba6e3b18-bccb-5149-adae-530286c8bd10,de9053e1-1f6d-51aa-83ff-5574c2249693,8069954c-e8c3-5510-8cfd-2d8cd59bd065,a28d507a-eaf1-57c4-b19c-6015cd293dac,aaa28818-f190-52ee-a659-7fe892c10f9c,2026-02-19T00:00:00,2026-02-19T07:00:00,2026-02-19T08:00:00
010448ff-82ec-5e2b-9280-f21dba27fa25,ba6e3b18-bccb-5149-adae-530286c8bd10,de9053e1-1f6d-51aa-83ff-5574c2249693,8069954c-e8c3-5510-8cfd-2d8cd59bd065,5a1a9e2e-a264-5d94-972f-e76e449c6206,979acfe6-7fa3-54f6-8080-c0bd9d8afe4b,2026-02-19T00:00:00,2026-02-19T08:00:00,2026-02-19T10:00:00
f93ddd96-0383-5ab0-bbe8-c145bfe0976a,ba6e3b18-bccb-5149-adae-530286c8bd10,de9053e1-1f6d-51aa-83ff-5574c2249693,8069954c-e8c3-5510-8cfd-2d8cd59bd065,288cb2fb-3105-5830-bcaa-c7584ccbcf64,08d793f7-97f0-51af-bc4f-543bb9b67e28,2026-02-19T00:00:00,2026-02-19T10:00:00,2026-02-19T11:00:00
5da57474-b570-5ea8-9d2e-4acf1feb8442,ba6e3b18-bccb-5149-adae-530286c8bd10,de9053e1-1f6d-51aa-83ff-5574c2249693,8069954c-e8c3-5510-8cfd-2d8cd59bd065,c7cb8daf-f367-53ff-8517-f9ea1747edbe,12f44f80-7e56-5d9b-848c-ac80bb84bae4,2026-02-19T00:00:00,2026-02-19T11:00:00,2026-02-19T13:00:00
1e36deef-c0a3-5120-935d-3e0bfb882991,ba6e3b18-bccb-5149-adae-530286c8bd10,de9053e1-1f6d-51aa-83ff-5574c2249693,8069954c-e8c3-5510-8cfd-2d8cd59bd065,29c39dcf-d272-5986-a359-ae6553f9207d,90e31b62-e5fd-53e6-a71b-e0a004701ec5,2026-02-19T00:00:00,2026-02-19T13:00:00,2026-02-19T14:00:00
614ef6de-4571-58bd-93b5-0acce1d60fae,ba6e3b18-bccb-5149-adae-530286c8bd10,de9053e1-1f6d-51aa-83ff-5574c2249693,8069954c-e8c3-5510-8cfd-2d8cd59bd065,c714b025-2350-5635-941b-f1d9f6e2d6ad,07c08985-8351-539b-8d82-7f070ebc5a86,2026-02-20T00:00:00,2026-02-20T07:00:00,2026-02-20T09:00:00
6df7f30c-3211-5126-b203-70d74d448da9,ba6e3b18-bccb-5149-adae-530286c8bd10,de9053e1-1f6d-51aa-83ff-5574c2249693,8069954c-e8c3-5510-8cfd-2d8cd59bd065,ea9bdb26-43a0-5abd-ad9b-917243df9d98,0c54ba05-1a42-50c9-af49-b24754e17a0e,2026-02-20T00:00:00,2026-02-20T09:00:00,2026-02-20T11:00:00
32bed92d-de00-5917-b0aa-663876824c90,ba6e3b18-bccb-5149-adae-530286c8bd10,de9053e1-1f6d-51aa-83ff-5574c2249693,8069954c-e8c3-5510-8cfd-2d8cd59bd065,18d4bd33-4da8-5955-a8ca-7c331bb5a136,2e9b066b-a8c7-5111-95a6-0e7a6fd16aad,2026-02-20T00:00:00,2026-02-20T11:00:00,2026-02-20T12:00:00
c41d9f5f-0777-5a1d-a83a-6495fdf58342,ba6e3b18-bccb-5149-adae-530286c8bd10,de9053e1-1f6d-51aa-83ff-5574c2249693,8069954c-e8c3-5510-8cfd-2d8cd59bd065,0915e11c-95ed-5ed8-bb3f-1f4bdc175dd2,25bb0e08-7319-5ca2-95a1-b89d8d986c77,2026-02-20T00:00:00,2026-02-20T12:00:00,2026-02-20T13:00:00
cbaf6458-6769-5c9d-b5de-a8263cec26fe,ba6e3b18-bccb-5149-adae-530286c8bd10,de9053e1-1f6d-51aa-83ff-5574c2249693,8069954c-e8c3-5510-8cfd-2d8cd59bd065,ea9bdb26-43a0-5abd-ad9b-917243df9d98,d5777b59-8fa4-5be8-baf6-c8893b49e88f,2026-02-23T00:00:00,2026-02-23T07:00:00,2026-02-23T09:00:00
148f91b4-5692-59ae-bb72-eed78430af06,ba6e3b18-bccb-5149-adae-530286c8bd10,de9053e1-1f6d-51aa-83ff-5574c2249693,8069954c-e8c3-5510-8cfd-2d8cd59bd065,18d4bd33-4da8-5955-a8ca-7c331bb5a136,44983f6a-f7c6-5571-a51d-df832522cd46,2026-02-23T00:00:00,2026-02-23T09:00:00,2026-02-23T11:00:00
58c7e92e-f2da-52c7-9faa-850bad5de293,ba6e3b18-bccb-5149-adae-530286c8bd10,de9053e1-1f6d-51aa-83ff-5574c2249693,8069954c-e8c3-5510-8cfd-2d8cd59bd065,0915e11c-95ed-5ed8-bb3f-1f4bdc175dd2,b5c3463e-ecf1-5af1-96eb-b6ef2368579f,2026-02-23T00:00:00,2026-02-23T11:00:00,2026-02-23T13:00:00
b62c14f9-6eeb-5feb-a8f9-a6268f7cd572,ba6e3b18-bccb-5149-adae-530286c8bd10,de9053e1-1f6d-51aa-83ff-5574c2249693,8069954c-e8c3-5510-8cfd-2d8cd59bd065,dac82ccc-34f8-59d2-b065-9c57030b27cc,0f955e6a-620d-5977-8325-98d1ef7df34b,2026-02-23T00:00:00,2026-02-23T13:00:00,2026-02-23T14:00:00
d422d259-70f4-5d28-afa3-9e0bb1867d5c,ba6e3b18-bccb-5149-adae-530286c8bd10,de9053e1-1f6d-51aa-83ff-5574c2249693,8069954c-e8c3-5510-8cfd-2d8cd59bd065,a28d507a-eaf1-57c4-b19c-6015cd293dac,5f5187f9-5100-59d3-9732-43995c9aa2be,2026-02-23T00:00:00,2026-02-23T14:00:00,2026-02-23T15:00:00
c297718b-758b-520b-9dc1-734697205b31,ba6e3b18-bccb-5149-adae-530286c8bd10,de9053e1-1f6d-51aa-83ff-5574c2249693,8069954c-e8c3-5510-8cfd-2d8cd59bd065,5a1a9e2e-a264-5d94-972f-e76e449c6206,7ca6525c-3e06-5b73-9845-8234ce6be5f0,2026-02-24T00:00:00,2026-02-24T07:00:00,2026-02-24T08:00:00
cf4943e9-2d8c-5195-8442-3c0c3f045122,ba6e3b18-bccb-5149-adae-530286c8bd10,de9053e1-1f6d-51aa-83ff-5574c2249693,8069954c-e8c3-5510-8cfd-2d8cd59bd065,288cb2fb-3105-5830-bcaa-c7584ccbcf64,12524267-bea4-5212-9662-cf2f2965ea1e,2026-02-24T00:00:00,2026-02-24T08:00:00,2026-02-24T10:00:00
14d7db85-3492-5aa4-9851-792720cda66a,ba6e3b18-bccb-5149-adae-530286c8bd10,de9053e1-1f6d-51aa-83ff-5574c2249693,8069954c-e8c3-5510-8cfd-2d8cd59bd065,c7cb8daf-f367-53ff-8517-f9ea1747edbe,5697e8e4-c7a1-543e-8a25-8bbad05bf8f4,2026-02-24T00:00:00,2026-02-24T10:00:00,2026-02-24T11:00:00
3dd08aea-1fdf-5627-8c7b-67ca0f780b02,ba6e3b18-bccb-5149-adae-530286c8bd10,de9053e1-1f6d-51aa-83ff-5574c2249693,8069954c-e8c3-5510-8cfd-2d8cd59bd065,29c39dcf-d272-5986-a359-ae6553f9207d,0d25a182-b7ee-50d3-97cb-093eb42d8ece,2026-02-24T00:00:00,2026-02-24T11:00:00,2026-02-24T13:00:00
a68ecb6c-b3b0-508a-8bcb-ddace961c5d8,ba6e3b18-bccb-5149-adae-530286c8bd10,de9053e1-1f6d-51aa-83ff-5574c2249693,8069954c-e8c3-5510-8cfd-2d8cd59bd065,c714b025-2350-5635-941b-f1d9f6e2d6ad,9d98929f-cc43-5da2-b58b-be2bdeb70c5e,2026-02-24T00:00:00,2026-02-24T13:00:00,2026-02-24T14:00:00
1ffbfa7b-ae70-5fb0-8e08-3364e9245ea3,ba6e3b18-bccb-5149-adae-530286c8bd10,de9053e1-1f6d-51aa-83ff-5574c2249693,8069954c-e8c3-5510-8cfd-2d8cd59bd065,ea9bdb26-43a0-5abd-ad9b-917243df9d98,abc160e6-e619-53a7-8315-ec5f65a161fd,2026-02-25T00:00:00,2026-02-25T07:00:00,2026-02-25T08:00:00
06ba1acc-ca26-502c-996c-4cefa01bd455,ba6e3b18-bccb-5149-adae-530286c8bd10,de9053e1-1f6d-51aa-83ff-5574c2249693,8069954c-e8c3-5510-8cfd-2d8cd59bd065,18d4bd33-4da8-5955-a8ca-7c331bb5a136,80465ab7-6408-5a32-b725-cc68fc2efbe8,2026-02-25T00:00:00,2026-02-25T08:00:00,2026-02-25T09:00:00
e5e0b90c-6a16-5985-afd4-aa57f6897442,ba6e3b18-bccb-5149-adae-530286c8bd10,de9053e1-1f6d-51aa-83ff-5574c2249693,8069954c-e8c3-5510-8cfd-2d8cd59bd065,0915e11c-95ed-5ed8-bb3f-1f4bdc175dd2,276b95de-94a8-533a-be94-0c26a659eba4,2026-02-25T00:00:00,2026-02-25T09:00:00,2026-02-25T11:00:00
3fbc344c-8bac-5c2d-8a62-2a09fb16ac5f,ba6e3b18-bccb-5149-adae-530286c8bd10,de9053e1-1f6d-51aa-83ff-5574c2249693,8069954c-e8c3-5510-8cfd-2d8cd59bd065,dac82ccc-34f8-59d2-b065-9c57030b27cc,972de3d8-1bc5-52d8-848a-f95024de7ca0,2026-02-25T00:00:00,2026-02-25T11:00:00,2026-02-25T13:00:00
9223295c-59ed-53d3-8c9e-85379ba7d61e,ba6e3b18-bccb-5149-adae-530286c8bd10,de9053e1-1f6d-51aa-83ff-5574c2249693,8069954c-e8c3-5510-8cfd-2d8cd59bd065,a28d507a-eaf1-57c4-b19c-6015cd293dac,aaa28818-f190-52ee-a659-7fe892c10f9c,2026-02-26T00:00:00,2026-02-26T07:00:00,2026-02-26T08:00:00
4872aa0b-d9f4-5da7-8a29-88795fd3e574,ba6e3b18-bccb-5149-adae-530286c8bd10,de9053e1-1f6d-51aa-83ff-5574c2249693,8069954c-e8c3-5510-8cfd-2d8cd59bd065,5a1a9e2e-a264-5d94-972f-e76e449c6206,979acfe6-7fa3-54f6-8080-c0bd9d8afe4b,2026-02-26T00:00:00,2026-02-26T08:00:00,2026-02-26T10:00:00
a47d7119-ab0c-50da-b892-52454167e114,ba6e3b18-bccb-5149-adae-530286c8bd10,de9053e1-1f6d-51aa-83ff-5574c2249693,8069954c-e8c3-5510-8cfd-2d8cd59bd065,288cb2fb-3105-5830-bcaa-c7584ccbcf64,08d793f7-97f0-51af-bc4f-543bb9b67e28,2026-02-26T00:00:00,2026-02-26T10:00:00,2026-02-26T11:00:00
5f198ba1-ce26-56d3-b0a9-5681fdf660ad,ba6e3b18-bccb-5149-adae-530286c8bd10,de9053e1-1f6d-51aa-83ff-5574c2249693,8069954c-e8c3-5510-8cfd-2d8cd59bd065,c7cb8daf-f367-53ff-8517-f9ea1747edbe,12f44f80-7e56-5d9b-848c-ac80bb84bae4,2026-02-26T00:00:00,2026-02-26T11:00:00,2026-02-26T13:00:00
0c5747cf-660f-5820-a441-50802bfdbcfc,ba6e3b18-bccb-5149-adae-530286c8bd10,de9053e1-1f6d-51aa-83ff-5574c2249693,8069954c-e8c3-5510-8cfd-2d8cd59bd065,29c39dcf-d272-5986-a359-ae6553f9207d,90e31b62-e5fd-53e6-a71b-e0a004701ec5,2026-02-26T00:00:00,2026-02-26T13:00:00,2026-02-26T14:00:00
72d82b8b-5395-5fe6-83c8-1a1ccce46e2c,ba6e3b18-bccb-5149-adae-530286c8bd10,de9053e1-1f6d-51aa-83ff-5574c2249693,8069954c-e8c3-5510-8cfd-2d8cd59bd065,c714b025-2350-5635-941b-f1d9f6e2d6ad,07c08985-8351-539b-8d82-7f070ebc5a86,2026-02-27T00:00:00,2026-02-27T07:00:00,2026-02-27T09:00:00
158df9f7-76a3-5e59-a74a-630c3e410dbe,ba6e3b18-bccb-5149-adae-530286c8bd10,de9053e1-1f6d-51aa-83ff-5574c2249693,8069954c-e8c3-5510-8cfd-2d8cd59bd065,ea9bdb26-43a0-5abd-ad9b-917243df9d98,0c54ba05-1a42-50c9-af49-b24754e17a0e,2026-02-27T00:00:00,2026-02-27T09:00:00,2026-02-27T11:00:00
e02c2fdc-fe78-59c3-8c95-0eca8d47cd7a,ba6e3b18-bccb-5149-adae-530286c8bd10,de9053e1-1f6d-51aa-83ff-5574c2249693,8069954c-e8c3-5510-8cfd-2d8cd59bd065,18d4bd33-4da8-5955-a8ca-7c331bb5a136,2e9b066b-a8c7-5111-95a6-0e7a6fd16aad,2026-02-27T00:00:00,2026-02-27T11:00:00,2026-02-27T12:00:00
a3995f64-2838-58c4-b08f-1eb1fd39d4cb,ba6e3b18-bccb-5149-adae-530286c8bd10,de9053e1-1f6d-51aa-83ff-5574c2249693,8069954c-e8c3-5510-8cfd-2d8cd59bd065,0915e11c-95ed-5ed8-bb3f-1f4bdc175dd2,25bb0e08-7319-5ca2-95a1-b89d8d986c77,2026-02-27T00:00:00,2026-02-27T12:00:00,2026-02-27T13:00:00
ed39b6f7-a3c5-52f9-8789-8be22d3e1c95,ba6e3b18-bccb-5149-adae-530286c8bd10,eae36b33-9c2a-5299-ba1d-9b83445f4a27,8069954c-e8c3-5510-8cfd-2d8cd59bd065,1a3ffb42-67ea-55d8-b2ef-22bfc065a9ee,bf29b736-4708-5296-862f-b45819a62ea4,2026-02-02T00:00:00,2026-02-02T07:00:00,2026-02-02T08:00:00
99964439-c344-55c0-bbfb-b3aaeefb62e5,ba6e3b18-bccb-5149-adae-530286c8bd10,eae36b33-9c2a-5299-ba1d-9b83445f4a27,8069954c-e8c3-5510-8cfd-2d8cd59bd065,1a3ffb42-67ea-55d8-b2ef-22bfc065a9ee,060b8370-2c96-5081-aeb0-cc99d1a3a711,2026-02-02T00:00:00,2026-02-02T08:00:00,2026-02-02T10:00:00
d4211ff6-34ad-528a-b62e-307cf877b149,ba6e3b18-bccb-5149-adae-530286c8bd10,eae36b33-9c2a-5299-ba1d-9b83445f4a27,8069954c-e8c3-5510-8cfd-2d8cd59bd065,1a3ffb42-67ea-55d8-b2ef-22bfc065a9ee,c7468872-468d-5f79-ae24-3a0aef2374ac,2026-02-03T00:00:00,2026-02-03T07:00:00,2026-02-03T09:00:00
013a2974-e349-591a-9dda-852d44ee9168,ba6e3b18-bccb-5149-adae-530286c8bd10,eae36b33-9c2a-5299-ba1d-9b83445f4a27,8069954c-e8c3-5510-8cfd-2d8cd59bd065,1a3ffb42-67ea-55d8-b2ef-22bfc065a9ee,80ec7725-e6dd-5ea7-b8e2-c38ebd95c521,2026-02-03T00:00:00,2026-02-03T09:00:00,2026-02-03T11:00:00
e73165bf-f251-57ca-8ccb-bd4193313614,ba6e3b18-bccb-5149-adae-530286c8bd10,eae36b33-9c2a-5299-ba1d-9b83445f4a27,8069954c-e8c3-5510-8cfd-2d8cd59bd065,1a3ffb42-67ea-55d8-b2ef-22bfc065a9ee,55f021ce-cf27-53e8-8cf9-375980acf1f8,2026-02-04T00:00:00,2026-02-04T07:00:00,2026-02-04T09:00:00
e1f4c1c7-0e1d-56a1-9a1d-c2eba4dd1c97,ba6e3b18-bccb-5149-adae-530286c8bd10,eae36b33-9c2a-5299-ba1d-9b83445f4a27,8069954c-e8c3-5510-8cfd-2d8cd59bd065,1a3ffb42-67ea-55d8-b2ef-22bfc065a9ee,ac6fc204-cfbf-5774-a94c-16090fb7b49d,2026-02-04T00:00:00,2026-02-04T09:00:00,2026-02-04T10:00:00
44712753-7bb4-515a-8c09-5655214b0b1d,ba6e3b18-bccb-5149-adae-530286c8bd10,eae36b33-9c2a-5299-ba1d-9b83445f4a27,8069954c-e8c3-5510-8cfd-2d8cd59bd065,1a3ffb42-67ea-55d8-b2ef-22bfc065a9ee,08e6bb03-cc56-54c0-80e6-53c556607c10,2026-02-05T00:00:00,2026-02-05T07:00:00,2026-02-05T09:00:00
38de923e-2545-5531-b489-a315ac386987,ba6e3b18-bccb-5149-adae-530286c8bd10,eae36b33-9c2a-5299-ba1d-9b83445f4a27,8069954c-e8c3-5510-8cfd-2d8cd59bd065,1a3ffb42-67ea-55d8-b2ef-22bfc065a9ee,812dcc24-4e48-5dd3-be14-5d50b935b78f,2026-02-05T00:00:00,2026-02-05T09:00:00,2026-02-05T10:00:00
c45fac34-3260-5782-bac8-6a4f14b18d83,ba6e3b18-bccb-5149-adae-530286c8bd10,eae36b33-9c2a-5299-ba1d-9b83445f4a27,8069954c-e8c3-5510-8cfd-2d8cd59bd065,1a3ffb42-67ea-55d8-b2ef-22bfc065a9ee,4bbf1f77-276a-5348-89d7-b1804e83691a,2026-02-05T00:00:00,2026-02-05T10:00:00,2026-02-05T11:00:00
005cb568-20b6-5591-8d97-8974655d21b9,ba6e3b18-bccb-5149-adae-530286c8bd10,eae36b33-9c2a-5299-ba1d-9b83445f4a27,8069954c-e8c3-5510-8cfd-2d8cd59bd065,1a3ffb42-67ea-55d8-b2ef-22bfc065a9ee,5d546bc6-62b7-5f44-b664-f3d77e80b3f3,2026-02-06T00:00:00,2026-02-06T07:00:00,2026-02-06T08:00:00
5da711b8-b356-58c2-9fa0-997ac59c6f24,ba6e3b18-bccb-5149-adae-530286c8bd10,eae36b33-9c2a-5299-ba1d-9b83445f4a27,8069954c-e8c3-5510-8cfd-2d8cd59bd065,1a3ffb42-67ea-55d8-b2ef-22bfc065a9ee,427c87b7-43bd-5ed5-8c9b-5997c1ba5288,2026-02-06T00:00:00,2026-02-06T08:00:00,2026-02-06T10:00:00
b697dd5d-8690-539e-8189-0a37cfa14345,ba6e3b18-bccb-5149-adae-530286c8bd10,eae36b33-9c2a-5299-ba1d-9b83445f4a27,8069954c-e8c3-5510-8cfd-2d8cd59bd065,1a3ffb42-67ea-55d8-b2ef-22bfc065a9ee,fb4fc92f-58ab-5ad5-bb84-01b3c359b2c9,2026-02-06T00:00:00,2026-02-06T10:00:00,2026-02-06T11:00:00
9119691e-a3e0-58b4-b8c8-fd75d3dfe717,ba6e3b18-bccb-5149-adae-530286c8bd10,eae36b33-9c2a-5299-ba1d-9b83445f4a27,8069954c-e8c3-5510-8cfd-2d8cd59bd065,1a3ffb42-67ea-55d8-b2ef-22bfc065a9ee,bf29b736-4708-5296-862f-b45819a62ea4,2026-02-09T00:00:00,2026-02-09T07:00:00,2026-02-09T08:00:00
1a52676b-64c0-5138-842a-d0d2fd581d24,ba6e3b18-bccb-5149-adae-530286c8bd10,eae36b33-9c2a-5299-ba1d-9b83445f4a27,8069954c-e8c3-5510-8cfd-2d8cd59bd065,1a3ffb42-67ea-55d8-b2ef-22bfc065a9ee,060b8370-2c96-5081-aeb0-cc99d1a3a711,2026-02-09T00:00:00,2026-02-09T08:00:00,2026-02-09T10:00:00
75630401-345b-5248-9736-dcdd2091dffb,ba6e3b18-bccb-5149-adae-530286c8bd10,eae36b33-9c2a-5299-ba1d-9b83445f4a27,8069954c-e8c3-5510-8cfd-2d8cd59bd065,1a3ffb42-67ea-55d8-b2ef-22bfc065a9ee,c7468872-468d-5f79-ae24-3a0aef2374ac,2026-02-10T00:00:00,2026-02-10T07:00:00,2026-02-10T09:00:00
368fcbf6-4e24-55a9-8e2c-c8bc8c0c47a3,ba6e3b18-bccb-5149-adae-530286c8bd10,eae36b33-9c2a-5299-ba1d-9b83445f4a27,8069954c-e8c3-5510-8cfd-2d8cd59bd065,1a3ffb42-67ea-55d8-b2ef-22bfc065a9ee,80ec7725-e6dd-5ea7-b8e2-c38ebd95c521,2026-02-10T00:00:00,2026-02-10T09:00:00,2026-02-10T11:00:00
a08bb9c4-74b4-5b7d-9544-baf477c7698e,ba6e3b18-bccb-5149-adae-530286c8bd10,eae36b33-9c2a-5299-ba1d-9b83445f4a27,8069954c-e8c3-5510-8cfd-2d8cd59bd065,1a3ffb42-67ea-55d8-b2ef-22bfc065a9ee,55f021ce-cf27-53e8-8cf9-375980acf1f8,2026-02-11T00:00:00,2026-02-11T07:00:00,2026-02-11T09:00:00
0a857da3-d9b4-5eca-b714-631de4794866,ba6e3b18-bccb-5149-adae-530286c8bd10,eae36b33-9c2a-5299-ba1d-9b83445f4a27,8069954c-e8c3-5510-8cfd-2d8cd59bd065,1a3ffb42-67ea-55d8-b2ef-22bfc065a9ee,ac6fc204-cfbf-5774-a94c-16090fb7b49d,2026-02-11T00:00:00,2026-02-11T09:00:00,2026-02-11T10:00:00
99f11d23-ad89-59ae-8b41-ac3005e8a721,ba6e3b18-bccb-5149-adae-530286c8bd10,eae36b33-9c2a-5299-ba1d-9b83445f4a27,8069954c-e8c3-5510-8cfd-2d8cd59bd065,1a3ffb42-67ea-55d8-b2ef-22bfc065a9ee,08e6bb03-cc56-54c0-80e6-53c556607c10,2026-02-12T00:00:00,2026-02-12T07:00:00,2026-02-12T09:00:00
afb5d711-c9fb-5b23-8d19-d1ec29cd6211,ba6e3b18-bccb-5149-adae-530286c8bd10,eae36b33-9c2a-5299-ba1d-9b83445f4a27,8069954c-e8c3-5510-8cfd-2d8cd59bd065,1a3ffb42-67ea-55d8-b2ef-22bfc065a9ee,812dcc24-4e48-5dd3-be14-5d50b935b78f,2026-02-12T00:00:00,2026-02-12T09:00:00,2026-02-12T10:00:00
8bc7cc54-4343-50a8-8331-89f5b3c28888,ba6e3b18-bccb-5149-adae-530286c8bd10,eae36b33-9c2a-5299-ba1d-9b83445f4a27,8069954c-e8c3-5510-8cfd-2d8cd59bd065,1a3ffb42-67ea-55d8-b2ef-22bfc065a9ee,4bbf1f77-276a-5348-89d7-b1804e83691a,2026-02-12T00:00:00,2026-02-12T10:00:00,2026-02-12T11:00:00
559d637a-fbb1-56b1-acbc-418da750da37,ba6e3b18-bccb-5149-adae-530286c8bd10,eae36b33-9c2a-5299-ba1d-9b83445f4a27,8069954c-e8c3-5510-8cfd-2d8cd59bd065,1a3ffb42-67ea-55d8-b2ef-22bfc065a9ee,5d546bc6-62b7-5f44-b664-f3d77e80b3f3,2026-02-13T00:00:00,2026-02-13T07:00:00,2026-02-13T08:00:00
bed27a53-6858-5479-bf97-95dbe7840d28,ba6e3b18-bccb-5149-adae-530286c8bd10,eae36b33-9c2a-5299-ba1d-9b83445f4a27,8069954c-e8c3-5510-8cfd-2d8cd59bd065,1a3ffb42-67ea-55d8-b2ef-22bfc065a9ee,427c87b7-43bd-5ed5-8c9b-5997c1ba5288,2026-02-13T00:00:00,2026-02-13T08:00:00,2026-02-13T10:00:00
9f325037-bd19-5dd4-a85a-6bc6dc2d7102,ba6e3b18-bccb-5149-adae-530286c8bd10,eae36b33-9c2a-5299-ba1d-9b83445f4a27,8069954c-e8c3-5510-8cfd-2d8cd59bd065,1a3ffb42-67ea-55d8-b2ef-22bfc065a9ee,fb4fc92f-58ab-5ad5-bb84-01b3c359b2c9,2026-02-13T00:00:00,2026-02-13T10:00:00,2026-02-13T11:00:00
30339bc6-f029-59f8-9a4a-f3eaa5211c83,ba6e3b18-bccb-5149-adae-530286c8bd10,eae36b33-9c2a-5299-ba1d-9b83445f4a27,8069954c-e8c3-5510-8cfd-2d8cd59bd065,1a3ffb42-67ea-55d8-b2ef-22bfc065a9ee,bf29b736-4708-5296-862f-b45819a62ea4,2026-02-16T00:00:00,2026-02-16T07:00:00,2026-02-16T08:00:00
35e123c4-c9e4-522b-872d-bfe8c301106c,ba6e3b18-bccb-5149-adae-530286c8bd10,eae36b33-9c2a-5299-ba1d-9b83445f4a27,8069954c-e8c3-5510-8cfd-2d8cd59bd065,1a3ffb42-67ea-55d8-b2ef-22bfc065a9ee,060b8370-2c96-5081-aeb0-cc99d1a3a711,2026-02-16T00:00:00,2026-02-16T08:00:00,2026-02-16T10:00:00
90615a43-ef4b-5cb3-8e09-f225b12b321c,ba6e3b18-bccb-5149-adae-530286c8bd10,eae36b33-9c2a-5299-ba1d-9b83445f4a27,8069954c-e8c3-5510-8cfd-2d8cd59bd065,1a3ffb42-67ea-55d8-b2ef-22bfc065a9ee,c7468872-468d-5f79-ae24-3a0aef2374ac,2026-02-17T00:00:00,2026-02-17T07:00:00,2026-02-17T09:00:00
8505a580-f8ff-5008-9820-290543eb0255,ba6e3b18-bccb-5149-adae-530286c8bd10,eae36b33-9c2a-5299-ba1d-9b83445f4a27,8069954c-e8c3-5510-8cfd-2d8cd59bd065,1a3ffb42-67ea-55d8-b2ef-22bfc065a9ee,80ec7725-e6dd-5ea7-b8e2-c38ebd95c521,2026-02-17T00:00:00,2026-02-17T09:00:00,2026-02-17T11:00:00
243dcc64-523d-5aee-b2d9-1042106a4b1c,ba6e3b18-bccb-5149-adae-530286c8bd10,eae36b33-9c2a-5299-ba1d-9b83445f4a27,8069954c-e8c3-5510-8cfd-2d8cd59bd065,1a3ffb42-67ea-55d8-b2ef-22bfc065a9ee,55f021ce-cf27-53e8-8cf9-375980acf1f8,2026-02-18T00:00:00,2026-02-18T07:00:00,2026-02-18T09:00:00
6fe49132-5e7c-573d-af5b-d1fc41b20976,ba6e3b18-bccb-5149-adae-530286c8bd10,eae36b33-9c2a-5299-ba1d-9b83445f4a27,8069954c-e8c3-5510-8cfd-2d8cd59bd065,1a3ffb42-67ea-55d8-b2ef-22bfc065a9ee,ac6fc204-cfbf-5774-a94c-16090fb7b49d,2026-02-18T00:00:00,2026-02-18T09:00:00,2026-02-18T10:00:00
ebd0d8c5-200b-5740-b43d-49721f974f8b,ba6e3b18-bccb-5149-adae-530286c8bd10,eae36b33-9c2a-5299-ba1d-9b83445f4a27,8069954c-e8c3-5510-8cfd-2d8cd59bd065,1a3ffb42-67ea-55d8-b2ef-22bfc065a9ee,08e6bb03-cc56-54c0-80e6-53c556607c10,2026-02-19T00:00:00,2026-02-19T07:00:00,2026-02-19T09:00:00
f15a4034-5190-52fe-99ce-9601ef48ac96,ba6e3b18-bccb-5149-adae-530286c8bd10,eae36b33-9c2a-5299-ba1d-9b83445f4a27,8069954c-e8c3-5510-8cfd-2d8cd59bd065,1a3ffb42-67ea-55d8-b2ef-22bfc065a9ee,812dcc24-4e48-5dd3-be14-5d50b935b78f,2026-02-19T00:00:00,2026-02-19T09:00:00,2026-02-19T10:00:00
c0565edb-c04d-50d5-80e6-5209508d2b73,ba6e3b18-bccb-5149-adae-530286c8bd10,eae36b33-9c2a-5299-ba1d-9b83445f4a27,8069954c-e8c3-5510-8cfd-2d8cd59bd065,1a3ffb42-67ea-55d8-b2ef-22bfc065a9ee,4bbf1f77-276a-5348-89d7-b1804e83691a,2026-02-19T00:00:00,2026-02-19T10:00:00,2026-02-19T11:00:00
016badf3-8283-55e8-92de-d859df8ea435,ba6e3b18-bccb-5149-adae-530286c8bd10,eae36b33-9c2a-5299-ba1d-9b83445f4a27,8069954c-e8c3-5510-8cfd-2d8cd59bd065,1a3ffb42-67ea-55d8-b2ef-22bfc065a9ee,5d546bc6-62b7-5f44-b664-f3d77e80b3f3,2026-02-20T00:00:00,2026-02-20T07:00:00,2026-02-20T08:00:00
03014572-e501-5cfa-b34e-4f639b480b14,ba6e3b18-bccb-5149-adae-530286c8bd10,eae36b33-9c2a-5299-ba1d-9b83445f4a27,8069954c-e8c3-5510-8cfd-2d8cd59bd065,1a3ffb42-67ea-55d8-b2ef-22bfc065a9ee,427c87b7-43bd-5ed5-8c9b-5997c1ba5288,2026-02-20T00:00:00,2026-02-20T08:00:00,2026-02-20T10:00:00
078df888-f0f1-5102-9aeb-83c5671cff8e,ba6e3b18-bccb-5149-adae-530286c8bd10,eae36b33-9c2a-5299-ba1d-9b83445f4a27,8069954c-e8c3-5510-8cfd-2d8cd59bd065,1a3ffb42-67ea-55d8-b2ef-22bfc065a9ee,fb4fc92f-58ab-5ad5-bb84-01b3c359b2c9,2026-02-20T00:00:00,2026-02-20T10:00:00,2026-02-20T11:00:00
b34c36d3-2dc9-5012-8752-4ae36df82e4e,ba6e3b18-bccb-5149-adae-530286c8bd10,eae36b33-9c2a-5299-ba1d-9b83445f4a27,8069954c-e8c3-5510-8cfd-2d8cd59bd065,1a3ffb42-67ea-55d8-b2ef-22bfc065a9ee,bf29b736-4708-5296-862f-b45819a62ea4,2026-02-23T00:00:00,2026-02-23T07:00:00,2026-02-23T08:00:00
780ab0c5-8414-58e5-a59b-379f46ef98a5,ba6e3b18-bccb-5149-adae-530286c8bd10,eae36b33-9c2a-5299-ba1d-9b83445f4a27,8069954c-e8c3-5510-8cfd-2d8cd59bd065,1a3ffb42-67ea-55d8-b2ef-22bfc065a9ee,060b8370-2c96-5081-aeb0-cc99d1a3a711,2026-02-23T00:00:00,2026-02-23T08:00:00,2026-02-23T10:00:00
5a05fdfe-79cf-5e15-8f3c-bf7c203a1a38,ba6e3b18-bccb-5149-adae-530286c8bd10,eae36b33-9c2a-5299-ba1d-9b83445f4a27,8069954c-e8c3-5510-8cfd-2d8cd59bd065,1a3ffb42-67ea-55d8-b2ef-22bfc065a9ee,c7468872-468d-5f79-ae24-3a0aef2374ac,2026-02-24T00:00:00,2026-02-24T07:00:00,2026-02-24T09:00:00
c30b2a67-2d36-5621-8971-b3fb505b88aa,ba6e3b18-bccb-5149-adae-530286c8bd10,eae36b33-9c2a-5299-ba1d-9b83445f4a27,8069954c-e8c3-5510-8cfd-2d8cd59bd065,1a3ffb42-67ea-55d8-b2ef-22bfc065a9ee,80ec7725-e6dd-5ea7-b8e2-c38ebd95c521,2026-02-24T00:00:00,2026-02-24T09:00:00,2026-02-24T11:00:00
a09d19ef-dfda-56d8-91e9-897e08574f85,ba6e3b18-bccb-5149-adae-530286c8bd10,eae36b33-9c2a-5299-ba1d-9b83445f4a27,8069954c-e8c3-5510-8cfd-2d8cd59bd065,1a3ffb42-67ea-55d8-b2ef-22bfc065a9ee,55f021ce-cf27-53e8-8cf9-375980acf1f8,2026-02-25T00:00:00,2026-02-25T07:00:00,2026-02-25T09:00:00
23cc7d00-3e50-5b90-bf1b-15fae4185f25,ba6e3b18-bccb-5149-adae-530286c8bd10,eae36b33-9c2a-5299-ba1d-9b83445f4a27,8069954c-e8c3-5510-8cfd-2d8cd59bd065,1a3ffb42-67ea-55d8-b2ef-22bfc065a9ee,ac6fc204-cfbf-5774-a94c-16090fb7b49d,2026-02-25T00:00:00,2026-02-25T09:00:00,2026-02-25T10:00:00
c77b59da-39bf-572c-b9ba-4ad3ea40be60,ba6e3b18-bccb-5149-adae-530286c8bd10,eae36b33-9c2a-5299-ba1d-9b83445f4a27,8069954c-e8c3-5510-8cfd-2d8cd59bd065,1a3ffb42-67ea-55d8-b2ef-22bfc065a9ee,08e6bb03-cc56-54c0-80e6-53c556607c10,2026-02-26T00:00:00,2026-02-26T07:00:00,2026-02-26T09:00:00
e93feffb-8172-55b8-a2ca-d53effa721d8,ba6e3b18-bccb-5149-adae-530286c8bd10,eae36b33-9c2a-5299-ba1d-9b83445f4a27,8069954c-e8c3-5510-8cfd-2d8cd59bd065,1a3ffb42-67ea-55d8-b2ef-22bfc065a9ee,812dcc24-4e48-5dd3-be14-5d50b935b78f,2026-02-26T00:00:00,2026-02-26T09:00:00,2026-02-26T10:00:00
ea7dfddd-2992-564a-bd82-10be47bbf1cf,ba6e3b18-bccb-5149-adae-530286c8bd10,eae36b33-9c2a-5299-ba1d-9b83445f4a27,8069954c-e8c3-5510-8cfd-2d8cd59bd065,1a3ffb42-67ea-55d8-b2ef-22bfc065a9ee,4bbf1f77-276a-5348-89d7-b1804e83691a,2026-02-26T00:00:00,2026-02-26T10:00:00,2026-02-26T11:00:00
5fc8c6fb-72ad-54f2-9e2d-b152b46e46a7,ba6e3b18-bccb-5149-adae-530286c8bd10,eae36b33-9c2a-5299-ba1d-9b83445f4a27,8069954c-e8c3-5510-8cfd-2d8cd59bd065,1a3ffb42-67ea-55d8-b2ef-22bfc065a9ee,5d546bc6-62b7-5f44-b664-f3d77e80b3f3,2026-02-27T00:00:00,2026-02-27T07:00:00,2026-02-27T08:00:00
9b4edd40-da00-5235-a11b-16f51d13f2ab,ba6e3b18-bccb-5149-adae-530286c8bd10,eae36b33-9c2a-5299-ba1d-9b83445f4a27,8069954c-e8c3-5510-8cfd-2d8cd59bd065,1a3ffb42-67ea-55d8-b2ef-22bfc065a9ee,427c87b7-43bd-5ed5-8c9b-5997c1ba5288,2026-02-27T00:00:00,2026-02-27T08:00:00,2026-02-27T10:00:00
8f11af05-297f-5bf7-b7dc-94a6ad4972bc,ba6e3b18-bccb-5149-adae-530286c8bd10,eae36b33-9c2a-5299-ba1d-9b83445f4a27,8069954c-e8c3-5510-8cfd-2d8cd59bd065,1a3ffb42-67ea-55d8-b2ef-22bfc065a9ee,fb4fc92f-58ab-5ad5-bb84-01b3c359b2c9,2026-02-27T00:00:00,2026-02-27T10:00:00,2026-02-27T11:00:00
