id,tenant_id,teacher_profile_id,subject_id
2756cb9d-1ca6-5858-8e9f-96162c8f37a1,ba6e3b18-bccb-5149-adae-530286c8bd10,640fa149-5996-5bae-a476-508d42fee539,d057220b-e94d-5bd8-b874-95f3629d9b74
aeb5ec83-94e5-5cc1-83d5-e756814e525f,ba6e3b18-bccb-5149-adae-530286c8bd10,b0202fb3-4ca2-5a4f-919b-3ccbf7f219d7,da6f2fe7-c371-5900-8dc9-c33019a52992
8497a95d-a4eb-5bbe-9b5f-43e6af100e0b,ba6e3b18-bccb-5149-adae-530286c8bd10,00c3af43-13d5-5c2c-8f75-e36d060383a7,bb8e78e2-8d41-529a-a31c-a9fd8c374d6b
8bb90ecd-dca5-53c9-a558-fdbc7da885c4,ba6e3b18-bccb-5149-adae-530286c8bd10,971bdd6a-4506-526d-bd8e-9c87380e4e9b,3e467514-5ee7-5952-8db1-b8dc8a82f8a8
88c3443c-89de-5aae-8b34-ea7f1836146b,ba6e3b18-bccb-5149-adae-530286c8bd10,0230c193-200d-5bed-9ead-34842c6d18b4,9997a700-8a3e-5f87-8fda-8f41db168c52
af6d4507-3c6c-557b-9c15-281a32ec4cc5,ba6e3b18-bccb-5149-adae-530286c8bd10,0e37cefe-e1fa-5ee7-a661-b1033d27e458,bcc13dfb-7319-55c7-ad90-3b058a43d34a
462a0521-6b00-5d93-8521-f8c7efae58c9,ba6e3b18-bccb-5149-adae-530286c8bd10,e47aa9cc-a619-5ca7-9bb7-c85bf9b9938b,ac6b4f70-62c0-5d91-b20e-93cacd1a833b
e808e054-36cf-546f-aa92-a2d0ef5026cf,ba6e3b18-bccb-5149-adae-530286c8bd10,d8b7c21d-f8af-5c45-a828-90065b406bc1,65910519-c93f-5c5a-b535-6253a402e739
8588ab01-38c6-58f0-af7c-54644fd5757d,ba6e3b18-bccb-5149-adae-530286c8bd10,d0531f69-6a63-534d-abf9-201dd6a1e87e,aa8bdda9-11b9-5657-a1f4-031235cb0d0d
3ae02e4e-43f9-583b-818f-ccecb5d2a746,ba6e3b18-bccb-5149-adae-530286c8bd10,7443ae89-0ec2-52af-8e13-7202ac374873,4155fd4c-28d7-5763-8798-87bcceed7402
31a409de-af2d-5a18-8fc8-79d02c98203c,ba6e3b18-bccb-5149-adae-530286c8bd10,b0202fb3-4ca2-5a4f-919b-3ccbf7f219d7,d057220b-e94d-5bd8-b874-95f3629d9b74
5de1e6f2-0f26-5813-bb9f-82ed73a7a663,ba6e3b18-bccb-5149-adae-530286c8bd10,00c3af43-13d5-5c2c-8f75-e36d060383a7,da6f2fe7-c371-5900-8dc9-c33019a52992
1e4b6b9c-d19f-5269-acdb-1b2dc877c143,ba6e3b18-bccb-5149-adae-530286c8bd10,971bdd6a-4506-526d-bd8e-9c87380e4e9b,bb8e78e2-8d41-529a-a31c-a9fd8c374d6b
a9b02907-46bd-5560-83ee-cb2a089ba1b9,ba6e3b18-bccb-5149-adae-530286c8bd10,0230c193-200d-5bed-9ead-34842c6d18b4,3e467514-5ee7-5952-8db1-b8dc8a82f8a8
fe842c09-3cb5-568a-bfd6-8dfc78eb6a39,ba6e3b18-bccb-5149-adae-530286c8bd10,0e37cefe-e1fa-5ee7-a661-b1033d27e458,9997a700-8a3e-5f87-8fda-8f41db168c52
968746e5-19a5-58ee-88cc-69c5d0ecdb30,ba6e3b18-bccb-5149-adae-530286c8bd10,e47aa9cc-a619-5ca7-9bb7-c85bf9b9938b,bcc13dfb-7319-55c7-ad90-3b058a43d34a
aef7523c-d273-5f9c-8bd8-604172840bc5,ba6e3b18-bccb-5149-adae-530286c8bd10,d8b7c21d-f8af-5c45-a828-90065b406bc1,ac6b4f70-62c0-5d91-b20e-93cacd1a833b
4d59df5c-7dd1-503c-a878-61fff05c1049,ba6e3b18-bccb-5149-adae-530286c8bd10,d0531f69-6a63-534d-abf9-201dd6a1e87e,65910519-c93f-5c5a-b535-6253a402e739
8296ed9e-0c47-560b-8489-75a04e64feef,ba6e3b18-bccb-5149-adae-530286c8bd10,7443ae89-0ec2-52af-8e13-7202ac374873,aa8bdda9-11b9-5657-a1f4-031235cb0d0d
afa50532-79be-5a17-854a-b726df7302fe,ba6e3b18-bccb-5149-adae-530286c8bd10,232861c8-2dc9-5dc2-8285-8ef446fe5271,4155fd4c-28d7-5763-8798-87bcceed7402
64e0ac2a-62e6-59bc-8903-4f5a99069566,ba6e3b18-bccb-5149-adae-530286c8bd10,00c3af43-13d5-5c2c-8f75-e36d060383a7,d057220b-e94d-5bd8-b874-95f3629d9b74
0fbfb06b-9937-5a35-a713-7423324c0162,ba6e3b18-bccb-5149-adae-530286c8bd10,971bdd6a-4506-526d-bd8e-9c87380e4e9b,da6f2fe7-c371-5900-8dc9-c33019a52992
4425d18d-a327-55bf-afab-98ebef93dd32,ba6e3b18-bccb-5149-adae-530286c8bd10,0230c193-200d-5bed-9ead-34842c6d18b4,bb8e78e2-8d41-529a-a31c-a9fd8c374d6b
8dfcd432-4932-5c26-b6a9-0db75c9fb932,ba6e3b18-bccb-5149-adae-530286c8bd10,0e37cefe-e1fa-5ee7-a661-b1033d27e458,3e467514-5ee7-5952-8db1-b8dc8a82f8a8
1ad6ffb2-59ba-5188-828c-9af04176d557,ba6e3b18-bccb-5149-adae-530286c8bd10,e47aa9cc-a619-5ca7-9bb7-c85bf9b9938b,9997a700-8a3e-5f87-8fda-8f41db168c52
e9c71ebc-ae06-5be4-a127-09ebeda8045c,ba6e3b18-bccb-5149-adae-530286c8bd10,d8b7c21d-f8af-5c45-a828-90065b406bc1,bcc13dfb-7319-55c7-ad90-3b058a43d34a
e1520f4c-ea82-53e6-a05c-eb7b0cfd326c,ba6e3b18-bccb-5149-adae-530286c8bd10,d0531f69-6a63-534d-abf9-201dd6a1e87e,ac6b4f70-62c0-5d91-b20e-93cacd1a833b
8ca256c2-9b7f-576c-93af-712c4b4f2498,ba6e3b18-bccb-5149-adae-530286c8bd10,7443ae89-0ec2-52af-8e13-7202ac374873,65910519-c93f-5c5a-b535-6253a402e739
b3c4f61d-e4c4-582c-8991-b361699c999a,ba6e3b18-bccb-5149-adae-530286c8bd10,232861c8-2dc9-5dc2-8285-8ef446fe5271,aa8bdda9-11b9-5657-a1f4-031235cb0d0d
29deb89f-5bc2-5313-8c31-9d852c3840d6,ba6e3b18-bccb-5149-adae-530286c8bd10,97dd20dc-d6ee-561e-99e2-ee3fc626909a,4155fd4c-28d7-5763-8798-87bcceed7402
d9bd0723-0bb3-53c8-8666-53d1635c87d0,ba6e3b18-bccb-5149-adae-530286c8bd10,971bdd6a-4506-526d-bd8e-9c87380e4e9b,d057220b-e94d-5bd8-b874-95f3629d9b74
fb59f332-2851-58bf-a8e5-6d06c23b62bc,ba6e3b18-bccb-5149-adae-530286c8bd10,0230c193-200d-5bed-9ead-34842c6d18b4,da6f2fe7-c371-5900-8dc9-c33019a52992
4d809978-4a71-5dbe-ac1c-084da959d140,ba6e3b18-bccb-5149-adae-530286c8bd10,0e37cefe-e1fa-5ee7-a661-b1033d27e458,bb8e78e2-8d41-529a-a31c-a9fd8c374d6b
1286f10a-e7e3-57d8-a284-981f580fdaee,ba6e3b18-bccb-5149-adae-530286c8bd10,e47aa9cc-a619-5ca7-9bb7-c85bf9b9938b,3e467514-5ee7-5952-8db1-b8dc8a82f8a8
62de0fc3-a1ed-534b-aee6-89e08997d74c,ba6e3b18-bccb-5149-adae-530286c8bd10,d8b7c21d-f8af-5c45-a828-90065b406bc1,9997a700-8a3e-5f87-8fda-8f41db168c52
81e3102d-070f-533d-839b-66661e8df665,ba6e3b18-bccb-5149-adae-530286c8bd10,d0531f69-6a63-534d-abf9-201dd6a1e87e,bcc13dfb-7319-55c7-ad90-3b058a43d34a
b2eb991d-47c9-566d-b7fd-858a2ec3f4dc,ba6e3b18-bccb-5149-adae-530286c8bd10,7443ae89-0ec2-52af-8e13-7202ac374873,ac6b4f70-62c0-5d91-b20e-93cacd1a833b
99d774c9-e5af-5aa2-a905-521364603b5a,ba6e3b18-bccb-5149-adae-530286c8bd10,232861c8-2dc9-5dc2-8285-8ef446fe5271,65910519-c93f-5c5a-b535-6253a402e739
845ea65d-ae9b-5704-bfba-246440f7f58b,ba6e3b18-bccb-5149-adae-530286c8bd10,97dd20dc-d6ee-561e-99e2-ee3fc626909a,aa8bdda9-11b9-5657-a1f4-031235cb0d0d
bcfbf7d7-9d8c-5893-a0d2-a21f0ce7e241,ba6e3b18-bccb-5149-adae-530286c8bd10,1a5d8526-24d1-5b81-b857-0621ef4e53cc,4155fd4c-28d7-5763-8798-87bcceed7402
2cea68a2-a621-5818-9097-ec4482891639,ba6e3b18-bccb-5149-adae-530286c8bd10,0230c193-200d-5bed-9ead-34842c6d18b4,d057220b-e94d-5bd8-b874-95f3629d9b74
b26061ba-eb81-5539-96a0-87a4569350ae,ba6e3b18-bccb-5149-adae-530286c8bd10,0e37cefe-e1fa-5ee7-a661-b1033d27e458,da6f2fe7-c371-5900-8dc9-c33019a52992
219bbbb7-5c4d-5478-b733-c57263f0bb1d,ba6e3b18-bccb-5149-adae-530286c8bd10,e47aa9cc-a619-5ca7-9bb7-c85bf9b9938b,bb8e78e2-8d41-529a-a31c-a9fd8c374d6b
e61e524b-be4a-55d0-a1e0-ace05c7405ac,ba6e3b18-bccb-5149-adae-530286c8bd10,d8b7c21d-f8af-5c45-a828-90065b406bc1,3e467514-5ee7-5952-8db1-b8dc8a82f8a8
38f9b0fa-9d60-5931-9a28-b7bfb0362305,ba6e3b18-bccb-5149-adae-530286c8bd10,d0531f69-6a63-534d-abf9-201dd6a1e87e,9997a700-8a3e-5f87-8fda-8f41db168c52
6d82c503-2a06-550b-bc96-f2383ee0230e,ba6e3b18-bccb-5149-adae-530286c8bd10,7443ae89-0ec2-52af-8e13-7202ac374873,bcc13dfb-7319-55c7-ad90-3b058a43d34a
6887869f-bbec-5e79-9cb3-6d801eb009e8,ba6e3b18-bccb-5149-adae-530286c8bd10,232861c8-2dc9-5dc2-8285-8ef446fe5271,ac6b4f70-62c0-5d91-b20e-93cacd1a833b
c02195f2-a91b-52ee-82d4-316ea54db4d0,ba6e3b18-bccb-5149-adae-530286c8bd10,97dd20dc-d6ee-561e-99e2-ee3fc626909a,65910519-c93f-5c5a-b535-6253a402e739
78f7616e-131e-5731-8f8a-288393d59de0,ba6e3b18-bccb-5149-adae-530286c8bd10,1a5d8526-24d1-5b81-b857-0621ef4e53cc,aa8bdda9-11b9-5657-a1f4-031235cb0d0d
800574df-0b1b-5517-891a-9ec4386bdbce,ba6e3b18-bccb-5149-adae-530286c8bd10,9563a7bc-954d-52ba-87da-c7a6cb3d1777,4155fd4c-28d7-5763-8798-87bcceed7402
e21e04d9-9eeb-5c62-8c24-449ec7809896,ba6e3b18-bccb-5149-adae-530286c8bd10,0e37cefe-e1fa-5ee7-a661-b1033d27e458,d057220b-e94d-5bd8-b874-95f3629d9b74
e749f194-55a6-5beb-b108-ab30acfe55b2,ba6e3b18-bccb-5149-adae-530286c8bd10,e47aa9cc-a619-5ca7-9bb7-c85bf9b9938b,da6f2fe7-c371-5900-8dc9-c33019a52992
776b8c76-31fb-54b0-ab60-454472ea13b7,ba6e3b18-bccb-5149-adae-530286c8bd10,d8b7c21d-f8af-5c45-a828-90065b406bc1,bb8e78e2-8d41-529a-a31c-a9fd8c374d6b
27ac6cd7-cc98-5a25-a031-71bb4ce63da7,ba6e3b18-bccb-5149-adae-530286c8bd10,d0531f69-6a63-534d-abf9-201dd6a1e87e,3e467514-5ee7-5952-8db1-b8dc8a82f8a8
19403685-a174-5f73-8e04-40e75d4b4614,ba6e3b18-bccb-5149-adae-530286c8bd10,7443ae89-0ec2-52af-8e13-7202ac374873,9997a700-8a3e-5f87-8fda-8f41db168c52
e47c6ed8-bc87-501f-8662-c18309db0c7f,ba6e3b18-bccb-5149-adae-530286c8bd10,232861c8-2dc9-5dc2-8285-8ef446fe5271,bcc13dfb-7319-55c7-ad90-3b058a43d34a
dbbee6cd-85bf-5cd7-b4f3-3d42a3a9779c,ba6e3b18-bccb-5149-adae-530286c8bd10,97dd20dc-d6ee-561e-99e2-ee3fc626909a,ac6b4f70-62c0-5d91-b20e-93cacd1a833b
c2360d2b-9df5-5633-a25a-ffe63348990b,ba6e3b18-bccb-5149-adae-530286c8bd10,1a5d8526-24d1-5b81-b857-0621ef4e53cc,65910519-c93f-5c5a-b535-6253a402e739
f138206b-c23a-5e26-b997-0500eafc21df,ba6e3b18-bccb-5149-adae-530286c8bd10,9563a7bc-954d-52ba-87da-c7a6cb3d1777,aa8bdda9-11b9-5657-a1f4-031235cb0d0d
051b0034-1612-5133-8539-85f437eab94c,ba6e3b18-bccb-5149-adae-530286c8bd10,a1c51438-8134-5260-bbd7-9102d9897b76,4155fd4c-28d7-5763-8798-87bcceed7402
682e9d19-f09c-5d6e-bdd8-c435254935c4,ba6e3b18-bccb-5149-adae-530286c8bd10,e47aa9cc-a619-5ca7-9bb7-c85bf9b9938b,d057220b-e94d-5bd8-b874-95f3629d9b74
e8336420-b187-5b3b-9479-66e563bc5289,ba6e3b18-bccb-5149-adae-530286c8bd10,d8b7c21d-f8af-5c45-a828-90065b406bc1,da6f2fe7-c371-5900-8dc9-c33019a52992
1db52753-bd2e-5339-bd81-0f36950d9828,ba6e3b18-bccb-5149-adae-530286c8bd10,d0531f69-6a63-534d-abf9-201dd6a1e87e,bb8e78e2-8d41-529a-a31c-a9fd8c374d6b
f531dc09-84b3-5ac4-8f96-72aa9a88a688,ba6e3b18-bccb-5149-adae-530286c8bd10,7443ae89-0ec2-52af-8e13-7202ac374873,3e467514-5ee7-5952-8db1-b8dc8a82f8a8
cae66ccb-a8a3-5830-b06a-04b3bd3d875b,ba6e3b18-bccb-5149-adae-530286c8bd10,232861c8-2dc9-5dc2-8285-8ef446fe5271,9997a700-8a3e-5f87-8fda-8f41db168c52
17d7f454-1eec-514c-ba81-5544cc8b57c7,ba6e3b18-bccb-5149-adae-530286c8bd10,97dd20dc-d6ee-561e-99e2-ee3fc626909a,bcc13dfb-7319-55c7-ad90-3b058a43d34a
92718767-64f2-5aa1-a30c-6a9537a5bc25,ba6e3b18-bccb-5149-adae-530286c8bd10,1a5d8526-24d1-5b81-b857-0621ef4e53cc,ac6b4f70-62c0-5d91-b20e-93cacd1a833b
731b0a47-2554-58bc-8e09-7e824a0ed5d0,ba6e3b18-bccb-5149-adae-530286c8bd10,9563a7bc-954d-52ba-87da-c7a6cb3d1777,65910519-c93f-5c5a-b535-6253a402e739
055f7b28-66fd-5449-be26-48d4b3e5170f,ba6e3b18-bccb-5149-adae-530286c8bd10,a1c51438-8134-5260-bbd7-9102d9897b76,aa8bdda9-11b9-5657-a1f4-031235cb0d0d
31b20c63-c93a-5e97-a042-e18288a916f8,ba6e3b18-bccb-5149-adae-530286c8bd10,7e12dcb9-b261-50ec-b1bb-9b446f487543,4155fd4c-28d7-5763-8798-87bcceed7402
abb60445-fced-5a3d-ac1a-20f1856ddb34,ba6e3b18-bccb-5149-adae-530286c8bd10,d8b7c21d-f8af-5c45-a828-90065b406bc1,d057220b-e94d-5bd8-b874-95f3629d9b74
3ddba8fe-3b44-555c-8c10-c4371be4f922,ba6e3b18-bccb-5149-adae-530286c8bd10,d0531f69-6a63-534d-abf9-201dd6a1e87e,da6f2fe7-c371-5900-8dc9-c33019a52992
62950579-adb1-5a27-a06a-7f387ab4c007,ba6e3b18-bccb-5149-adae-530286c8bd10,7443ae89-0ec2-52af-8e13-7202ac374873,bb8e78e2-8d41-529a-a31c-a9fd8c374d6b
a65ee8df-329f-559b-a16f-64f83244ec75,ba6e3b18-bccb-5149-adae-530286c8bd10,232861c8-2dc9-5dc2-8285-8ef446fe5271,3e467514-5ee7-5952-8db1-b8dc8a82f8a8
4b892173-1f01-5b0b-be20-f46c5520e86d,ba6e3b18-bccb-5149-adae-530286c8bd10,97dd20dc-d6ee-561e-99e2-ee3fc626909a,9997a700-8a3e-5f87-8fda-8f41db168c52
5c1a4c51-2fc2-5e8e-ba4d-3b8db6874352,ba6e3b18-bccb-5149-adae-530286c8bd10,1a5d8526-24d1-5b81-b857-0621ef4e53cc,bcc13dfb-7319-55c7-ad90-3b058a43d34a
5fb46a74-bf7d-5cbf-b997-8c6cdf1301a7,ba6e3b18-bccb-5149-adae-530286c8bd10,9563a7bc-954d-52ba-87da-c7a6cb3d1777,ac6b4f70-62c0-5d91-b20e-93cacd1a833b
c1c15280-b12c-5a08-8fc9-b30d422811ad,ba6e3b18-bccb-5149-adae-530286c8bd10,a1c51438-8134-5260-bbd7-9102d9897b76,65910519-c93f-5c5a-b535-6253a402e739
6dfdfdec-6fe8-5c79-b0be-f58d4403cbde,ba6e3b18-bccb-5149-adae-530286c8bd10,7e12dcb9-b261-50ec-b1bb-9b446f487543,aa8bdda9-11b9-5657-a1f4-031235cb0d0d
f196fd45-2528-5c7b-8cce-baa13f5807ab,ba6e3b18-bccb-5149-adae-530286c8bd10,a5293469-8b23-520f-8883-b873f0bd5e86,4155fd4c-28d7-5763-8798-87bcceed7402
c6cac4fe-c20b-5218-bbf2-40623754ce0c,ba6e3b18-bccb-5149-adae-530286c8bd10,d0531f69-6a63-534d-abf9-201dd6a1e87e,d057220b-e94d-5bd8-b874-95f3629d9b74
af528e4c-8c39-5197-a8fa-bd7f4e11fbfb,ba6e3b18-bccb-5149-adae-530286c8bd10,7443ae89-0ec2-52af-8e13-7202ac374873,da6f2fe7-c371-5900-8dc9-c33019a52992
77cec955-8e6a-56a7-a92a-afacccdec08d,ba6e3b18-bccb-5149-adae-530286c8bd10,232861c8-2dc9-5dc2-8285-8ef446fe5271,bb8e78e2-8d41-529a-a31c-a9fd8c374d6b
f3850530-e1ba-5688-8935-b9e10f704538,ba6e3b18-bccb-5149-adae-530286c8bd10,97dd20dc-d6ee-561e-99e2-ee3fc626909a,3e467514-5ee7-5952-8db1-b8dc8a82f8a8
3250948f-07d4-511d-8a5f-0406c5975248,ba6e3b18-bccb-5149-adae-530286c8bd10,1a5d8526-24d1-5b81-b857-0621ef4e53cc,9997a700-8a3e-5f87-8fda-8f41db168c52
c8207b5f-8465-5cf1-9b94-b459e6eb291b,ba6e3b18-bccb-5149-adae-530286c8bd10,9563a7bc-954d-52ba-87da-c7a6cb3d1777,bcc13dfb-7319-55c7-ad90-3b058a43d34a
d13ede86-6f0d-5394-b53c-85bc4ed003db,ba6e3b18-bccb-5149-adae-530286c8bd10,a1c51438-8134-5260-bbd7-9102d9897b76,ac6b4f70-62c0-5d91-b20e-93cacd1a833b
6f4a1d02-3082-589d-a6c0-48df98e8d78a,ba6e3b18-bccb-5149-adae-530286c8bd10,7e12dcb9-b261-50ec-b1bb-9b446f487543,65910519-c93f-5c5a-b535-6253a402e739
893287f9-1dbe-5eb2-a2bd-5a39beea9ce4,ba6e3b18-bccb-5149-adae-530286c8bd10,a5293469-8b23-520f-8883-b873f0bd5e86,aa8bdda9-11b9-5657-a1f4-031235cb0d0d
01a8c8a1-fe04-5a2c-b822-4baf69f6fc94,ba6e3b18-bccb-5149-adae-530286c8bd10,e6ade56a-3b6b-5c42-8539-d85e6aa5b5fb,4155fd4c-28d7-5763-8798-87bcceed7402
ef6cdaaf-a48f-523a-9452-4ff50f150718,ba6e3b18-bccb-5149-adae-530286c8bd10,7443ae89-0ec2-52af-8e13-7202ac374873,d057220b-e94d-5bd8-b874-95f3629d9b74
2b4b1b3a-6cbe-550e-b06b-88c361835838,ba6e3b18-bccb-5149-adae-530286c8bd10,232861c8-2dc9-5dc2-8285-8ef446fe5271,da6f2fe7-c371-5900-8dc9-c33019a52992
ed7407eb-c760-5390-9887-66ec42aa5886,ba6e3b18-bccb-5149-adae-530286c8bd10,97dd20dc-d6ee-561e-99e2-ee3fc626909a,bb8e78e2-8d41-529a-a31c-a9fd8c374d6b
513b836e-778b-5e46-b00d-cecce2bf7c85,ba6e3b18-bccb-5149-adae-530286c8bd10,1a5d8526-24d1-5b81-b857-0621ef4e53cc,3e467514-5ee7-5952-8db1-b8dc8a82f8a8
00018eee-b024-53f2-8fc2-70815ac8bb7a,ba6e3b18-bccb-5149-adae-530286c8bd10,9563a7bc-954d-52ba-87da-c7a6cb3d1777,9997a700-8a3e-5f87-8fda-8f41db168c52
4c5a6068-fdab-5c78-9fb7-5a9015b3fa95,ba6e3b18-bccb-5149-adae-530286c8bd10,a1c51438-8134-5260-bbd7-9102d9897b76,bcc13dfb-7319-55c7-ad90-3b058a43d34a
231fba40-0524-5e3b-bc2f-1fec8d5da24e,ba6e3b18-bccb-5149-adae-530286c8bd10,7e12dcb9-b261-50ec-b1bb-9b446f487543,ac6b4f70-62c0-5d91-b20e-93cacd1a833b
08d931ce-c321-5b3e-989e-4a21e5c14a4a,ba6e3b18-bccb-5149-adae-530286c8bd10,a5293469-8b23-520f-8883-b873f0bd5e86,65910519-c93f-5c5a-b535-6253a402e739
e2692ba1-e8c2-5950-9319-2be5b4bd3ce6,ba6e3b18-bccb-5149-adae-530286c8bd10,e6ade56a-3b6b-5c42-8539-d85e6aa5b5fb,aa8bdda9-11b9-5657-a1f4-031235cb0d0d
d56591aa-ebbb-5ed5-9a23-c6ba426a2b7e,ba6e3b18-bccb-5149-adae-530286c8bd10,82fe09b7-afa1-52dd-b4d6-cf154f1f9001,4155fd4c-28d7-5763-8798-87bcceed7402
38cfd525-837a-5a59-af6d-90f2d3b49892,ba6e3b18-bccb-5149-adae-530286c8bd10,232861c8-2dc9-5dc2-8285-8ef446fe5271,d057220b-e94d-5bd8-b874-95f3629d9b74
e8539dad-b2bc-5cc2-b6aa-d2cf68259652,ba6e3b18-bccb-5149-adae-530286c8bd10,97dd20dc-d6ee-561e-99e2-ee3fc626909a,da6f2fe7-c371-5900-8dc9-c33019a52992
867f63e7-c59e-5c6c-b716-c2b3f72c09f1,ba6e3b18-bccb-5149-adae-530286c8bd10,1a5d8526-24d1-5b81-b857-0621ef4e53cc,bb8e78e2-8d41-529a-a31c-a9fd8c374d6b
2cbecafc-262d-5933-af5a-60d7f3a799bd,ba6e3b18-bccb-5149-adae-530286c8bd10,9563a7bc-954d-52ba-87da-c7a6cb3d1777,3e467514-5ee7-5952-8db1-b8dc8a82f8a8
1ae73bd6-14ff-5a3a-a421-630353493c8c,ba6e3b18-bccb-5149-adae-530286c8bd10,a1c51438-8134-5260-bbd7-9102d9897b76,9997a700-8a3e-5f87-8fda-8f41db168c52
ce6e7147-9e20-5700-ae19-18c644244153,ba6e3b18-bccb-5149-adae-530286c8bd10,7e12dcb9-b261-50ec-b1bb-9b446f487543,bcc13dfb-7319-55c7-ad90-3b058a43d34a
436b11cf-3c61-516d-ad0b-e26123bc4e51,ba6e3b18-bccb-5149-adae-530286c8bd10,a5293469-8b23-520f-8883-b873f0bd5e86,ac6b4f70-62c0-5d91-b20e-93cacd1a833b
80938870-b4ea-5412-843e-edd12bf91576,ba6e3b18-bccb-5149-adae-530286c8bd10,e6ade56a-3b6b-5c42-8539-d85e6aa5b5fb,65910519-c93f-5c5a-b535-6253a402e739
d639e734-d3bc-5c9a-9887-144e18a48a04,ba6e3b18-bccb-5149-adae-530286c8bd10,82fe09b7-afa1-52dd-b4d6-cf154f1f9001,aa8bdda9-11b9-5657-a1f4-031235cb0d0d
cdeaaaab-04bc-5467-8fd8-0e5ee75bea33,ba6e3b18-bccb-5149-adae-530286c8bd10,b93b1989-7db9-55fa-9765-b87d510fe34b,4155fd4c-28d7-5763-8798-87bcceed7402
34e13c27-d294-50ad-b3f5-efda8598f909,ba6e3b18-bccb-5149-adae-530286c8bd10,97dd20dc-d6ee-561e-99e2-ee3fc626909a,d057220b-e94d-5bd8-b874-95f3629d9b74
6e7078e2-78cc-5ea7-a884-58800332d8b6,ba6e3b18-bccb-5149-adae-530286c8bd10,1a5d8526-24d1-5b81-b857-0621ef4e53cc,da6f2fe7-c371-5900-8dc9-c33019a52992
580ef17d-11b6-5a34-8798-1fa19d783e72,ba6e3b18-bccb-5149-adae-530286c8bd10,9563a7bc-954d-52ba-87da-c7a6cb3d1777,bb8e78e2-8d41-529a-a31c-a9fd8c374d6b
b8b47a8f-bb1c-50a7-872d-3c1ee2cf8d06,ba6e3b18-bccb-5149-adae-530286c8bd10,a1c51438-8134-5260-bbd7-9102d9897b76,3e467514-5ee7-5952-8db1-b8dc8a82f8a8
cba72486-a057-5cec-b8d6-9bca6ead353e,ba6e3b18-bccb-5149-adae-530286c8bd10,7e12dcb9-b261-50ec-b1bb-9b446f487543,9997a700-8a3e-5f87-8fda-8f41db168c52
5f6e0d57-2a17-564c-8d94-2ef1dbb7d510,ba6e3b18-bccb-5149-adae-530286c8bd10,a5293469-8b23-520f-8883-b873f0bd5e86,bcc13dfb-7319-55c7-ad90-3b058a43d34a
b3d37a17-1354-54a2-ac76-c4faa8f3c8e8,ba6e3b18-bccb-5149-adae-530286c8bd10,e6ade56a-3b6b-5c42-8539-d85e6aa5b5fb,ac6b4f70-62c0-5d91-b20e-93cacd1a833b
ff505a76-2811-5775-9642-b17e951f035f,ba6e3b18-bccb-5149-adae-530286c8bd10,82fe09b7-afa1-52dd-b4d6-cf154f1f9001,65910519-c93f-5c5a-b535-6253a402e739
6d3a70c0-5b30-51d3-8c3d-2e3b8adc8578,ba6e3b18-bccb-5149-adae-530286c8bd10,b93b1989-7db9-55fa-9765-b87d510fe34b,aa8bdda9-11b9-5657-a1f4-031235cb0d0d
48c17110-af29-57c2-90fb-70fee98c5ea7,ba6e3b18-bccb-5149-adae-530286c8bd10,f7a363ac-a4d0-584b-94ab-4600389ac6ad,4155fd4c-28d7-5763-8798-87bcceed7402
74123bbf-9c9a-5165-b685-ebca71caeba2,ba6e3b18-bccb-5149-adae-530286c8bd10,1a5d8526-24d1-5b81-b857-0621ef4e53cc,d057220b-e94d-5bd8-b874-95f3629d9b74
7ec2b4e3-45f0-5570-9ed8-e67d5526f715,ba6e3b18-bccb-5149-adae-530286c8bd10,9563a7bc-954d-52ba-87da-c7a6cb3d1777,da6f2fe7-c371-5900-8dc9-c33019a52992
956754b9-0e1d-546f-950c-616e538576c4,ba6e3b18-bccb-5149-adae-530286c8bd10,a1c51438-8134-5260-bbd7-9102d9897b76,bb8e78e2-8d41-529a-a31c-a9fd8c374d6b
0f74647a-ae83-5528-85e3-8652d3bf982f,ba6e3b18-bccb-5149-adae-530286c8bd10,7e12dcb9-b261-50ec-b1bb-9b446f487543,3e467514-5ee7-5952-8db1-b8dc8a82f8a8
94e0004d-e741-5f7a-8648-e33910550780,ba6e3b18-bccb-5149-adae-530286c8bd10,a5293469-8b23-520f-8883-b873f0bd5e86,9997a700-8a3e-5f87-8fda-8f41db168c52
46d92f7e-386b-5593-847b-beff15bbc087,ba6e3b18-bccb-5149-adae-530286c8bd10,e6ade56a-3b6b-5c42-8539-d85e6aa5b5fb,bcc13dfb-7319-55c7-ad90-3b058a43d34a
cf83f4bb-efee-5ec8-bc8e-91568c6ecb81,ba6e3b18-bccb-5149-adae-530286c8bd10,82fe09b7-afa1-52dd-b4d6-cf154f1f9001,ac6b4f70-62c0-5d91-b20e-93cacd1a833b
9929763d-81b7-5de5-b923-b55cb9c8128d,ba6e3b18-bccb-5149-adae-530286c8bd10,b93b1989-7db9-55fa-9765-b87d510fe34b,65910519-c93f-5c5a-b535-6253a402e739
8ba1d29f-af48-5142-85aa-87633d005e7b,ba6e3b18-bccb-5149-adae-530286c8bd10,f7a363ac-a4d0-584b-94ab-4600389ac6ad,aa8bdda9-11b9-5657-a1f4-031235cb0d0d
f5549ee2-89a3-5338-9154-51d972fdf623,ba6e3b18-bccb-5149-adae-530286c8bd10,e227acc6-854d-5a77-b6e0-5f7b90bc9ef2,4155fd4c-28d7-5763-8798-87bcceed7402
ccb7e67a-4df9-53fc-aeed-cd1b05d0ac9f,ba6e3b18-bccb-5149-adae-530286c8bd10,9563a7bc-954d-52ba-87da-c7a6cb3d1777,d057220b-e94d-5bd8-b874-95f3629d9b74
40755780-b219-5bdb-bb7b-07b45f397295,ba6e3b18-bccb-5149-adae-530286c8bd10,a1c51438-8134-5260-bbd7-9102d9897b76,da6f2fe7-c371-5900-8dc9-c33019a52992
14a4e259-224a-5c5b-a59f-4bdf87b73845,ba6e3b18-bccb-5149-adae-530286c8bd10,7e12dcb9-b261-50ec-b1bb-9b446f487543,bb8e78e2-8d41-529a-a31c-a9fd8c374d6b
8d0c27fb-6ff1-5cba-b16f-c90186a8ff06,ba6e3b18-bccb-5149-adae-530286c8bd10,a5293469-8b23-520f-8883-b873f0bd5e86,3e467514-5ee7-5952-8db1-b8dc8a82f8a8
676e9c2f-9d84-5b56-911b-44f29fb1ac22,ba6e3b18-bccb-5149-adae-530286c8bd10,e6ade56a-3b6b-5c42-8539-d85e6aa5b5fb,9997a700-8a3e-5f87-8fda-8f41db168c52
f532d60b-5ba0-514c-8ae8-04cf52fc5f36,ba6e3b18-bccb-5149-adae-530286c8bd10,82fe09b7-afa1-52dd-b4d6-cf154f1f9001,bcc13dfb-7319-55c7-ad90-3b058a43d34a
763ba0e5-4135-543c-913e-8438b55b613e,ba6e3b18-bccb-5149-adae-530286c8bd10,b93b1989-7db9-55fa-9765-b87d510fe34b,ac6b4f70-62c0-5d91-b20e-93cacd1a833b
68eb0755-7412-58c9-9412-f27de40718b6,ba6e3b18-bccb-5149-adae-530286c8bd10,f7a363ac-a4d0-584b-94ab-4600389ac6ad,65910519-c93f-5c5a-b535-6253a402e739
f76c4a2d-d41a-5d96-af43-74db02f5538d,ba6e3b18-bccb-5149-adae-530286c8bd10,e227acc6-854d-5a77-b6e0-5f7b90bc9ef2,aa8bdda9-11b9-5657-a1f4-031235cb0d0d
73ff6ff9-bd7e-5a30-8c87-d49e454b861e,ba6e3b18-bccb-5149-adae-530286c8bd10,547d1dcc-ff3c-5583-9037-28883699f312,4155fd4c-28d7-5763-8798-87bcceed7402
9c1b32ed-471b-555b-a3e3-57beee5b0df3,ba6e3b18-bccb-5149-adae-530286c8bd10,a1c51438-8134-5260-bbd7-9102d9897b76,d057220b-e94d-5bd8-b874-95f3629d9b74
9a8dce81-9454-5d03-a1eb-7dd729544f0e,ba6e3b18-bccb-5149-adae-530286c8bd10,7e12dcb9-b261-50ec-b1bb-9b446f487543,da6f2fe7-c371-5900-8dc9-c33019a52992
472fd22d-656b-5acf-89ed-9d194b1f2e2c,ba6e3b18-bccb-5149-adae-530286c8bd10,a5293469-8b23-520f-8883-b873f0bd5e86,bb8e78e2-8d41-529a-a31c-a9fd8c374d6b
d5bcf09a-b133-5fdc-a50e-89c9cf6761e9,ba6e3b18-bccb-5149-adae-530286c8bd10,e6ade56a-3b6b-5c42-8539-d85e6aa5b5fb,3e467514-5ee7-5952-8db1-b8dc8a82f8a8
12754a5b-44ee-5b71-ba57-9fc0e9e2fc7f,ba6e3b18-bccb-5149-adae-530286c8bd10,82fe09b7-afa1-52dd-b4d6-cf154f1f9001,9997a700-8a3e-5f87-8fda-8f41db168c52
628d40ea-178b-5a86-bbc5-0d71cd511344,ba6e3b18-bccb-5149-adae-530286c8bd10,b93b1989-7db9-55fa-9765-b87d510fe34b,bcc13dfb-7319-55c7-ad90-3b058a43d34a
529ab03b-1ac9-5120-8ccf-bb30f45cc252,ba6e3b18-bccb-5149-adae-530286c8bd10,f7a363ac-a4d0-584b-94ab-4600389ac6ad,ac6b4f70-62c0-5d91-b20e-93cacd1a833b
2f66d515-71e3-5d8f-b8f6-2efa075d90b3,ba6e3b18-bccb-5149-adae-530286c8bd10,e227acc6-854d-5a77-b6e0-5f7b90bc9ef2,65910519-c93f-5c5a-b535-6253a402e739
2c5518bf-3a88-57d8-a6d8-c28fbe4e4c82,ba6e3b18-bccb-5149-adae-530286c8bd10,547d1dcc-ff3c-5583-9037-28883699f312,aa8bdda9-11b9-5657-a1f4-031235cb0d0d
d9d3fe80-74b2-5c8a-8c09-470e43b031db,ba6e3b18-bccb-5149-adae-530286c8bd10,67e02973-a271-5859-b248-d29cc281088d,4155fd4c-28d7-5763-8798-87bcceed7402
79f2d1b7-0137-592b-b8cd-6f8e23702c3a,ba6e3b18-bccb-5149-adae-530286c8bd10,7e12dcb9-b261-50ec-b1bb-9b446f487543,d057220b-e94d-5bd8-b874-95f3629d9b74
3484aa44-1337-5f7e-9a2e-4cebd0828df8,ba6e3b18-bccb-5149-adae-530286c8bd10,a5293469-8b23-520f-8883-b873f0bd5e86,da6f2fe7-c371-5900-8dc9-c33019a52992
4e1f46c3-4429-5386-9e4c-3aefbf569010,ba6e3b18-bccb-5149-adae-530286c8bd10,e6ade56a-3b6b-5c42-8539-d85e6aa5b5fb,bb8e78e2-8d41-529a-a31c-a9fd8c374d6b
c177c931-22dc-55e5-a70b-fb71bd5c92e4,ba6e3b18-bccb-5149-adae-530286c8bd10,82fe09b7-afa1-52dd-b4d6-cf154f1f9001,3e467514-5ee7-5952-8db1-b8dc8a82f8a8
91ee989b-bc95-5da1-ad5a-9e68bd235127,ba6e3b18-bccb-5149-adae-530286c8bd10,b93b1989-7db9-55fa-9765-b87d510fe34b,9997a700-8a3e-5f87-8fda-8f41db168c52
fa793c91-cd1b-5817-bb9a-7d3a578239f8,ba6e3b18-bccb-5149-adae-530286c8bd10,f7a363ac-a4d0-584b-94ab-4600389ac6ad,bcc13dfb-7319-55c7-ad90-3b058a43d34a
d3d5baca-179c-56f9-8fb0-cc6b6f4f0e56,ba6e3b18-bccb-5149-adae-530286c8bd10,e227acc6-854d-5a77-b6e0-5f7b90bc9ef2,ac6b4f70-62c0-5d91-b20e-93cacd1a833b
b7b8a443-aecc-5170-b4fc-e55c4dde57d2,ba6e3b18-bccb-5149-adae-530286c8bd10,547d1dcc-ff3c-5583-9037-28883699f312,65910519-c93f-5c5a-b535-6253a402e739
a1759f4b-6abb-5c62-a30a-0b7e53f4b2ec,ba6e3b18-bccb-5149-adae-530286c8bd10,67e02973-a271-5859-b248-d29cc281088d,aa8bdda9-11b9-5657-a1f4-031235cb0d0d
c427528e-b6ca-57b9-9298-c6fb4f6eb776,ba6e3b18-bccb-5149-adae-530286c8bd10,b581313c-77a5-5fda-bbd9-4b3029582c31,4155fd4c-28d7-5763-8798-87bcceed7402
ef991aba-2b12-5460-b231-8fd746168c97,ba6e3b18-bccb-5149-adae-530286c8bd10,a5293469-8b23-520f-8883-b873f0bd5e86,d057220b-e94d-5bd8-b874-95f3629d9b74
489ee97d-c62f-5d0d-ad2c-47bd233c38ce,ba6e3b18-bccb-5149-adae-530286c8bd10,e6ade56a-3b6b-5c42-8539-d85e6aa5b5fb,da6f2fe7-c371-5900-8dc9-c33019a52992
11742416-977f-5446-b874-cd64e88ac32f,ba6e3b18-bccb-5149-adae-530286c8bd10,82fe09b7-afa1-52dd-b4d6-cf154f1f9001,bb8e78e2-8d41-529a-a31c-a9fd8c374d6b
f4e8bd0e-57e8-5749-9422-65c2c9387ac2,ba6e3b18-bccb-5149-adae-530286c8bd10,b93b1989-7db9-55fa-9765-b87d510fe34b,3e467514-5ee7-5952-8db1-b8dc8a82f8a8
ed30c643-0786-5344-89fa-adf4f3fbb977,ba6e3b18-bccb-5149-adae-530286c8bd10,f7a363ac-a4d0-584b-94ab-4600389ac6ad,9997a700-8a3e-5f87-8fda-8f41db168c52
6d720350-d498-5cad-be3c-e496f1a98a76,ba6e3b18-bccb-5149-adae-530286c8bd10,e227acc6-854d-5a77-b6e0-5f7b90bc9ef2,bcc13dfb-7319-55c7-ad90-3b058a43d34a
b78312f1-ce94-57af-8574-a2f93ed7cf6a,ba6e3b18-bccb-5149-adae-530286c8bd10,547d1dcc-ff3c-5583-9037-28883699f312,ac6b4f70-62c0-5d91-b20e-93cacd1a833b
d400fb55-012a-5c55-a42c-4e0a3918e7c5,ba6e3b18-bccb-5149-adae-530286c8bd10,67e02973-a271-5859-b248-d29cc281088d,65910519-c93f-5c5a-b535-6253a402e739
2cd3108f-2562-5aae-8cbd-2af0ba226cd2,ba6e3b18-bccb-5149-adae-530286c8bd10,b581313c-77a5-5fda-bbd9-4b3029582c31,aa8bdda9-11b9-5657-a1f4-031235cb0d0d
207ae3ad-16db-549c-a03f-59078810e250,ba6e3b18-bccb-5149-adae-530286c8bd10,61e76f55-df3d-557c-8c55-0bad1618225a,4155fd4c-28d7-5763-8798-87bcceed7402
651ca7f3-da40-51c2-be6a-2526d5b0c358,ba6e3b18-bccb-5149-adae-530286c8bd10,e6ade56a-3b6b-5c42-8539-d85e6aa5b5fb,d057220b-e94d-5bd8-b874-95f3629d9b74
48bc8976-6252-58c3-baf3-b294845051a4,ba6e3b18-bccb-5149-adae-530286c8bd10,82fe09b7-afa1-52dd-b4d6-cf154f1f9001,da6f2fe7-c371-5900-8dc9-c33019a52992
ffd4017a-a9ba-5c04-a385-4514d3990f5a,ba6e3b18-bccb-5149-adae-530286c8bd10,b93b1989-7db9-55fa-9765-b87d510fe34b,bb8e78e2-8d41-529a-a31c-a9fd8c374d6b
a4852fab-2676-524b-bf2e-e8b0ba10f2a4,ba6e3b18-bccb-5149-adae-530286c8bd10,f7a363ac-a4d0-584b-94ab-4600389ac6ad,3e467514-5ee7-5952-8db1-b8dc8a82f8a8
6ab5c4a0-2686-5c42-a3c5-8a711500996e,ba6e3b18-bccb-5149-adae-530286c8bd10,e227acc6-854d-5a77-b6e0-5f7b90bc9ef2,9997a700-8a3e-5f87-8fda-8f41db168c52
4972684d-685f-525f-a593-c1951d630cc6,ba6e3b18-bccb-5149-adae-530286c8bd10,547d1dcc-ff3c-5583-9037-28883699f312,bcc13dfb-7319-55c7-ad90-3b058a43d34a
dca13596-93c2-511a-8877-6d3143c0b9be,ba6e3b18-bccb-5149-adae-530286c8bd10,67e02973-a271-5859-b248-d29cc281088d,ac6b4f70-62c0-5d91-b20e-93cacd1a833b
bf37ed47-496c-5930-aee0-6a84a7b4a8d8,ba6e3b18-bccb-5149-adae-530286c8bd10,b581313c-77a5-5fda-bbd9-4b3029582c31,65910519-c93f-5c5a-b535-6253a402e739
4dd243c2-25f5-5550-9119-0799c3a07fdd,ba6e3b18-bccb-5149-adae-530286c8bd10,61e76f55-df3d-557c-8c55-0bad1618225a,aa8bdda9-11b9-5657-a1f4-031235cb0d0d
487e47c2-13a1-5ad7-9058-94067d575c6f,ba6e3b18-bccb-5149-adae-530286c8bd10,3270cb8e-686d-5ede-bc14-c85b4c0e9b58,4155fd4c-28d7-5763-8798-87bcceed7402
97355b56-5c7b-5678-aa17-ff46433ac0bd,ba6e3b18-bccb-5149-adae-530286c8bd10,82fe09b7-afa1-52dd-b4d6-cf154f1f9001,d057220b-e94d-5bd8-b874-95f3629d9b74
08a9a17f-cd3c-55d5-afe8-998b7330382a,ba6e3b18-bccb-5149-adae-530286c8bd10,b93b1989-7db9-55fa-9765-b87d510fe34b,da6f2fe7-c371-5900-8dc9-c33019a52992
e07a7f20-c536-53d5-bf29-78375ff9b5c1,ba6e3b18-bccb-5149-adae-530286c8bd10,f7a363ac-a4d0-584b-94ab-4600389ac6ad,bb8e78e2-8d41-529a-a31c-a9fd8c374d6b
8ef78ebc-3d5d-5e4b-b847-8f7288191489,ba6e3b18-bccb-5149-adae-530286c8bd10,e227acc6-854d-5a77-b6e0-5f7b90bc9ef2,3e467514-5ee7-5952-8db1-b8dc8a82f8a8
6d3620dc-38e2-5e4f-9865-415cf6c91f54,ba6e3b18-bccb-5149-adae-530286c8bd10,547d1dcc-ff3c-5583-9037-28883699f312,9997a700-8a3e-5f87-8fda-8f41db168c52
f6f33ad2-52e4-57b0-84ea-40f941b4d213,ba6e3b18-bccb-5149-adae-530286c8bd10,67e02973-a271-5859-b248-d29cc281088d,bcc13dfb-7319-55c7-ad90-3b058a43d34a
2d22cb9e-9626-59fe-a0cc-1fd880b3f9fc,ba6e3b18-bccb-5149-adae-530286c8bd10,b581313c-77a5-5fda-bbd9-4b3029582c31,ac6b4f70-62c0-5d91-b20e-93cacd1a833b
e828754f-3bc5-5683-a5e3-05b6448388fe,ba6e3b18-bccb-5149-adae-530286c8bd10,61e76f55-df3d-557c-8c55-0bad1618225a,65910519-c93f-5c5a-b535-6253a402e739
65394426-2a10-5e74-b0d7-b6671673af5d,ba6e3b18-bccb-5149-adae-530286c8bd10,3270cb8e-686d-5ede-bc14-c85b4c0e9b58,aa8bdda9-11b9-5657-a1f4-031235cb0d0d
2becdcce-04be-580c-958b-68d9d29197b3,ba6e3b18-bccb-5149-adae-530286c8bd10,be56f89e-3596-5740-890e-3e9c8266bc99,4155fd4c-28d7-5763-8798-87bcceed7402
4f1258e6-bc03-5207-a7a6-99b774a0b593,ba6e3b18-bccb-5149-adae-530286c8bd10,b93b1989-7db9-55fa-9765-b87d510fe34b,d057220b-e94d-5bd8-b874-95f3629d9b74
cc0a7d3a-963c-52ba-be84-3df3fa8e74fe,ba6e3b18-bccb-5149-adae-530286c8bd10,f7a363ac-a4d0-584b-94ab-4600389ac6ad,da6f2fe7-c371-5900-8dc9-c33019a52992
8f9c0cf6-938c-57bd-8dc9-2d978720695d,ba6e3b18-bccb-5149-adae-530286c8bd10,e227acc6-854d-5a77-b6e0-5f7b90bc9ef2,bb8e78e2-8d41-529a-a31c-a9fd8c374d6b
27b10dad-985e-5c27-82c0-9a15f586538b,ba6e3b18-bccb-5149-adae-530286c8bd10,547d1dcc-ff3c-5583-9037-28883699f312,3e467514-5ee7-5952-8db1-b8dc8a82f8a8
41619202-0fe3-5e68-ab76-b7b4f27decf0,ba6e3b18-bccb-5149-adae-530286c8bd10,67e02973-a271-5859-b248-d29cc281088d,9997a700-8a3e-5f87-8fda-8f41db168c52
e1fdd18e-c93f-5933-9973-11d46a10b4be,ba6e3b18-bccb-5149-adae-530286c8bd10,b581313c-77a5-5fda-bbd9-4b3029582c31,bcc13dfb-7319-55c7-ad90-3b058a43d34a
359ba85f-de72-547f-9c1b-6b929ca435e8,ba6e3b18-bccb-5149-adae-530286c8bd10,61e76f55-df3d-557c-8c55-0bad1618225a,ac6b4f70-62c0-5d91-b20e-93cacd1a833b
b8d1313c-9592-51ee-a606-afc1646503b6,ba6e3b18-bccb-5149-adae-530286c8bd10,3270cb8e-686d-5ede-bc14-c85b4c0e9b58,65910519-c93f-5c5a-b535-6253a402e739
1b60be48-6729-51a8-91f6-aa63fc0e1d1d,ba6e3b18-bccb-5149-adae-530286c8bd10,be56f89e-3596-5740-890e-3e9c8266bc99,aa8bdda9-11b9-5657-a1f4-031235cb0d0d
b73df55f-f821-5a49-8e84-a6b5ac1ff7cf,ba6e3b18-bccb-5149-adae-530286c8bd10,5388a130-6cfd-5fea-b46b-f92bc942222b,4155fd4c-28d7-5763-8798-87bcceed7402
baf24d5e-d38c-5c32-b266-d5b49a0a7787,ba6e3b18-bccb-5149-adae-530286c8bd10,f7a363ac-a4d0-584b-94ab-4600389ac6ad,d057220b-e94d-5bd8-b874-95f3629d9b74
b7d1c6ee-06a4-5f66-b2c8-5bb140babd04,ba6e3b18-bccb-5149-adae-530286c8bd10,e227acc6-854d-5a77-b6e0-5f7b90bc9ef2,da6f2fe7-c371-5900-8dc9-c33019a52992
c0e8a742-7a08-5cc6-85fe-7a1da4e217e2,ba6e3b18-bccb-5149-adae-530286c8bd10,547d1dcc-ff3c-5583-9037-28883699f312,bb8e78e2-8d41-529a-a31c-a9fd8c374d6b
233aa596-a4b0-535a-9e7c-1d0b8dbe12f0,ba6e3b18-bccb-5149-adae-530286c8bd10,67e02973-a271-5859-b248-d29cc281088d,3e467514-5ee7-5952-8db1-b8dc8a82f8a8
759767de-298b-58dc-97b9-b2423e100a48,ba6e3b18-bccb-5149-adae-530286c8bd10,b581313c-77a5-5fda-bbd9-4b3029582c31,9997a700-8a3e-5f87-8fda-8f41db168c52
d1cda039-5446-5d47-954f-a144c2345090,ba6e3b18-bccb-5149-adae-530286c8bd10,61e76f55-df3d-557c-8c55-0bad1618225a,bcc13dfb-7319-55c7-ad90-3b058a43d34a
2936fb3d-546e-5bdb-af4e-46a2b287ec8b,ba6e3b18-bccb-5149-adae-530286c8bd10,3270cb8e-686d-5ede-bc14-c85b4c0e9b58,ac6b4f70-62c0-5d91-b20e-93cacd1a833b
706ce300-f9ab-50de-b1b9-65caf6eb5985,ba6e3b18-bccb-5149-adae-530286c8bd10,be56f89e-3596-5740-890e-3e9c8266bc99,65910519-c93f-5c5a-b535-6253a402e739
fca02ef4-26d5-53fa-80a4-bd0c319c4884,ba6e3b18-bccb-5149-adae-530286c8bd10,5388a130-6cfd-5fea-b46b-f92bc942222b,aa8bdda9-11b9-5657-a1f4-031235cb0d0d
99d9f37d-57eb-52d1-b49e-fef7d58d9661,ba6e3b18-bccb-5149-adae-530286c8bd10,9f11bce1-5429-5c7e-a272-d7a279286cc8,4155fd4c-28d7-5763-8798-87bcceed7402
3cabe59a-3da6-5cbe-b2d5-9baa9ca05765,ba6e3b18-bccb-5149-adae-530286c8bd10,e227acc6-854d-5a77-b6e0-5f7b90bc9ef2,d057220b-e94d-5bd8-b874-95f3629d9b74
80433a0d-2549-5129-bb7a-df146c71a586,ba6e3b18-bccb-5149-adae-530286c8bd10,547d1dcc-ff3c-5583-9037-28883699f312,da6f2fe7-c371-5900-8dc9-c33019a52992
e12f6a88-f41a-5aac-92d4-664e9bbb9b0e,ba6e3b18-bccb-5149-adae-530286c8bd10,67e02973-a271-5859-b248-d29cc281088d,bb8e78e2-8d41-529a-a31c-a9fd8c374d6b
a62a4afc-45b2-5f55-be58-ddadfea2cdcd,ba6e3b18-bccb-5149-adae-530286c8bd10,b581313c-77a5-5fda-bbd9-4b3029582c31,3e467514-5ee7-5952-8db1-b8dc8a82f8a8
46e4de2d-946e-53d5-bdbc-8b8c3997b54b,ba6e3b18-bccb-5149-adae-530286c8bd10,61e76f55-df3d-557c-8c55-0bad1618225a,9997a700-8a3e-5f87-8fda-8f41db168c52
07eb9b72-8686-5410-ad34-eeb5ce893f65,ba6e3b18-bccb-5149-adae-530286c8bd10,3270cb8e-686d-5ede-bc14-c85b4c0e9b58,bcc13dfb-7319-55c7-ad90-3b058a43d34a
bbea716d-30bc-59c6-acca-ca28907743f5,ba6e3b18-bccb-5149-adae-530286c8bd10,be56f89e-3596-5740-890e-3e9c8266bc99,ac6b4f70-62c0-5d91-b20e-93cacd1a833b
e1a8948a-cc0c-57f4-8356-1460b8eca789,ba6e3b18-bccb-5149-adae-530286c8bd10,5388a130-6cfd-5fea-b46b-f92bc942222b,65910519-c93f-5c5a-b535-6253a402e739
1e20a8ed-aa75-58af-ad83-866442b2214d,ba6e3b18-bccb-5149-adae-530286c8bd10,9f11bce1-5429-5c7e-a272-d7a279286cc8,aa8bdda9-11b9-5657-a1f4-031235cb0d0d
861ab42a-8b72-56d4-a46a-342876229535,ba6e3b18-bccb-5149-adae-530286c8bd10,c53113b9-afcb-5c8a-8508-de13deda3bd6,4155fd4c-28d7-5763-8798-87bcceed7402
203a7b23-d930-5e0c-8fa3-17df0685bc56,ba6e3b18-bccb-5149-adae-530286c8bd10,547d1dcc-ff3c-5583-9037-28883699f312,d057220b-e94d-5bd8-b874-95f3629d9b74
9376c413-81f3-5581-98d6-55e19e84cc58,ba6e3b18-bccb-5149-adae-530286c8bd10,67e02973-a271-5859-b248-d29cc281088d,da6f2fe7-c371-5900-8dc9-c33019a52992
90d7b79a-da9b-5f88-be5b-b3b623cb9942,ba6e3b18-bccb-5149-adae-530286c8bd10,b581313c-77a5-5fda-bbd9-4b3029582c31,bb8e78e2-8d41-529a-a31c-a9fd8c374d6b
878656f1-950a-5660-a8c8-e012af729f3c,ba6e3b18-bccb-5149-adae-530286c8bd10,61e76f55-df3d-557c-8c55-0bad1618225a,3e467514-5ee7-5952-8db1-b8dc8a82f8a8
58c3b84b-04eb-5a53-b831-8651537a82ae,ba6e3b18-bccb-5149-adae-530286c8bd10,3270cb8e-686d-5ede-bc14-c85b4c0e9b58,9997a700-8a3e-5f87-8fda-8f41db168c52
01bbe5f9-9794-52f4-82a4-d623f1c648eb,ba6e3b18-bccb-5149-adae-530286c8bd10,be56f89e-3596-5740-890e-3e9c8266bc99,bcc13dfb-7319-55c7-ad90-3b058a43d34a
70540f07-eb30-58bf-856b-9a5762dfff39,ba6e3b18-bccb-5149-adae-530286c8bd10,5388a130-6cfd-5fea-b46b-f92bc942222b,ac6b4f70-62c0-5d91-b20e-93cacd1a833b
3d3ce4e4-b47d-58c0-84f2-456192432d05,ba6e3b18-bccb-5149-adae-530286c8bd10,9f11bce1-5429-5c7e-a272-d7a279286cc8,65910519-c93f-5c5a-b535-6253a402e739
94101a30-a81f-5bc0-8234-bc0a9bb202f4,ba6e3b18-bccb-5149-adae-530286c8bd10,c53113b9-afcb-5c8a-8508-de13deda3bd6,aa8bdda9-11b9-5657-a1f4-031235cb0d0d
be37d04f-6c26-5134-a0b1-f207ee4593e5,ba6e3b18-bccb-5149-adae-530286c8bd10,6060ca0a-5753-5e84-954d-16b1f60a017c,4155fd4c-28d7-5763-8798-87bcceed7402
8da1a12c-099e-5227-a946-c0743427a96d,ba6e3b18-bccb-5149-adae-530286c8bd10,67e02973-a271-5859-b248-d29cc281088d,d057220b-e94d-5bd8-b874-95f3629d9b74
f49113f9-a230-5341-83f1-51fd99d6cc49,ba6e3b18-bccb-5149-adae-530286c8bd10,b581313c-77a5-5fda-bbd9-4b3029582c31,da6f2fe7-c371-5900-8dc9-c33019a52992
117139c7-b710-57b4-b7c6-f2429301b870,ba6e3b18-bccb-5149-adae-530286c8bd10,61e76f55-df3d-557c-8c55-0bad1618225a,bb8e78e2-8d41-529a-a31c-a9fd8c374d6b
fb3ec05d-1604-53e6-ae41-30ed1520d5b0,ba6e3b18-bccb-5149-adae-530286c8bd10,3270cb8e-686d-5ede-bc14-c85b4c0e9b58,3e467514-5ee7-5952-8db1-b8dc8a82f8a8
67206754-e506-580d-af1c-2cf52372df66,ba6e3b18-bccb-5149-adae-530286c8bd10,be56f89e-3596-5740-890e-3e9c8266bc99,9997a700-8a3e-5f87-8fda-8f41db168c52
7a72ed1e-834a-513a-a274-b52bfc1fe9b1,ba6e3b18-bccb-5149-adae-530286c8bd10,5388a130-6cfd-5fea-b46b-f92bc942222b,bcc13dfb-7319-55c7-ad90-3b058a43d34a
cbe7407f-15c6-59b4-802d-8809ccfb70a5,ba6e3b18-bccb-5149-adae-530286c8bd10,9f11bce1-5429-5c7e-a272-d7a279286cc8,ac6b4f70-62c0-5d91-b20e-93cacd1a833b
13bee93e-de1f-5aeb-b277-b74c0950f02d,ba6e3b18-bccb-5149-adae-530286c8bd10,c53113b9-afcb-5c8a-8508-de13deda3bd6,65910519-c93f-5c5a-b535-6253a402e739
6e666d3e-47d5-5200-b56b-2125eb097353,ba6e3b18-bccb-5149-adae-530286c8bd10,6060ca0a-5753-5e84-954d-16b1f60a017c,aa8bdda9-11b9-5657-a1f4-031235cb0d0d
f94c7a99-bd71-5b08-b5cb-05bc951ed79f,ba6e3b18-bccb-5149-adae-530286c8bd10,141af019-c491-5b0b-ae99-9f247323d835,4155fd4c-28d7-5763-8798-87bcceed7402
9667b982-f7a5-5c83-a493-eb1acff4ad91,ba6e3b18-bccb-5149-adae-530286c8bd10,b581313c-77a5-5fda-bbd9-4b3029582c31,d057220b-e94d-5bd8-b874-95f3629d9b74
2235c45e-ac60-5d3c-8781-a6c672466c8a,ba6e3b18-bccb-5149-adae-530286c8bd10,61e76f55-df3d-557c-8c55-0bad1618225a,da6f2fe7-c371-5900-8dc9-c33019a52992
b3617108-5644-5426-8466-1e1cb0b54cf5,ba6e3b18-bccb-5149-adae-530286c8bd10,3270cb8e-686d-5ede-bc14-c85b4c0e9b58,bb8e78e2-8d41-529a-a31c-a9fd8c374d6b
aabd4711-aaec-5313-92b1-0299288a7876,ba6e3b18-bccb-5149-adae-530286c8bd10,be56f89e-3596-5740-890e-3e9c8266bc99,3e467514-5ee7-5952-8db1-b8dc8a82f8a8
39b9e2f6-de4e-5864-a322-4da8b7886a46,ba6e3b18-bccb-5149-adae-530286c8bd10,5388a130-6cfd-5fea-b46b-f92bc942222b,9997a700-8a3e-5f87-8fda-8f41db168c52
0e8d7e71-ac3e-56f0-bd5f-b025087f4941,ba6e3b18-bccb-5149-adae-530286c8bd10,9f11bce1-5429-5c7e-a272-d7a279286cc8,bcc13dfb-7319-55c7-ad90-3b058a43d34a
ea3f3b82-233e-580f-82d5-eac52bc307b8,ba6e3b18-bccb-5149-adae-530286c8bd10,c53113b9-afcb-5c8a-8508-de13deda3bd6,ac6b4f70-62c0-5d91-b20e-93cacd1a833b
64a1aae9-54a3-58a3-bff8-710d20bb824f,ba6e3b18-bccb-5149-adae-530286c8bd10,6060ca0a-5753-5e84-954d-16b1f60a017c,65910519-c93f-5c5a-b535-6253a402e739
f1838980-f279-5cb7-aaa1-015a55cadace,ba6e3b18-bccb-5149-adae-530286c8bd10,141af019-c491-5b0b-ae99-9f247323d835,aa8bdda9-11b9-5657-a1f4-031235cb0d0d
47a78a4d-fb4b-529d-8f7c-06b1f8d2bd54,ba6e3b18-bccb-5149-adae-530286c8bd10,9c45224b-d0e1-5c07-9716-fd019f14b014,4155fd4c-28d7-5763-8798-87bcceed7402
d253b731-7c59-5c89-9b70-de59e3b7549f,ba6e3b18-bccb-5149-adae-530286c8bd10,61e76f55-df3d-557c-8c55-0bad1618225a,d057220b-e94d-5bd8-b874-95f3629d9b74
98813b8c-eb1e-5609-9de0-a345265463ff,ba6e3b18-bccb-5149-adae-530286c8bd10,3270cb8e-686d-5ede-bc14-c85b4c0e9b58,da6f2fe7-c371-5900-8dc9-c33019a52992
b918af91-07df-5aee-a772-fdd8e2465605,ba6e3b18-bccb-5149-adae-530286c8bd10,be56f89e-3596-5740-890e-3e9c8266bc99,bb8e78e2-8d41-529a-a31c-a9fd8c374d6b
65cd499b-e200-5dc4-b92a-6b324d676924,ba6e3b18-bccb-5149-adae-530286c8bd10,5388a130-6cfd-5fea-b46b-f92bc942222b,3e467514-5ee7-5952-8db1-b8dc8a82f8a8
128a3eb1-34af-52bc-8e1c-c86714ee031e,ba6e3b18-bccb-5149-adae-530286c8bd10,9f11bce1-5429-5c7e-a272-d7a279286cc8,9997a700-8a3e-5f87-8fda-8f41db168c52
01b9e6b5-f138-5628-aae7-18dd0a3d7dca,ba6e3b18-bccb-5149-adae-530286c8bd10,c53113b9-afcb-5c8a-8508-de13deda3bd6,bcc13dfb-7319-55c7-ad90-3b058a43d34a
02969996-bc86-59c4-9b82-d3a334956f89,ba6e3b18-bccb-5149-adae-530286c8bd10,6060ca0a-5753-5e84-954d-16b1f60a017c,ac6b4f70-62c0-5d91-b20e-93cacd1a833b
736ecf52-74b6-56b0-91e4-7085d2c1d753,ba6e3b18-bccb-5149-adae-530286c8bd10,141af019-c491-5b0b-ae99-9f247323d835,65910519-c93f-5c5a-b535-6253a402e739
f025052b-af69-5956-88d6-432daa817ef9,ba6e3b18-bccb-5149-adae-530286c8bd10,9c45224b-d0e1-5c07-9716-fd019f14b014,aa8bdda9-11b9-5657-a1f4-031235cb0d0d
ec1b7147-1226-5ed6-b491-5fbaa1bbbd55,ba6e3b18-bccb-5149-adae-530286c8bd10,269874b2-c82d-5d38-9fe9-f4b9c961839b,4155fd4c-28d7-5763-8798-87bcceed7402
ae6ded69-7ce0-54cc-95b7-6b2d040f2a18,ba6e3b18-bccb-5149-adae-530286c8bd10,3270cb8e-686d-5ede-bc14-c85b4c0e9b58,d057220b-e94d-5bd8-b874-95f3629d9b74
3e1b7f2b-22e7-5ccd-8213-dd6cad374242,ba6e3b18-bccb-5149-adae-530286c8bd10,be56f89e-3596-5740-890e-3e9c8266bc99,da6f2fe7-c371-5900-8dc9-c33019a52992
162ca0eb-6381-5637-8a37-2e9d3d047177,ba6e3b18-bccb-5149-adae-530286c8bd10,5388a130-6cfd-5fea-b46b-f92bc942222b,bb8e78e2-8d41-529a-a31c-a9fd8c374d6b
f02c60cd-fe9b-5eb7-9c37-32b6320ac528,ba6e3b18-bccb-5149-adae-530286c8bd10,9f11bce1-5429-5c7e-a272-d7a279286cc8,3e467514-5ee7-5952-8db1-b8dc8a82f8a8
afcefb72-3e9a-542e-9125-330cf779f5f7,ba6e3b18-bccb-5149-adae-530286c8bd10,c53113b9-afcb-5c8a-8508-de13deda3bd6,9997a700-8a3e-5f87-8fda-8f41db168c52
55871cf8-0f89-5f90-ad92-83d776f2d1c9,ba6e3b18-bccb-5149-adae-530286c8bd10,6060ca0a-5753-5e84-954d-16b1f60a017c,bcc13dfb-7319-55c7-ad90-3b058a43d34a
46e8a7f8-df9f-5b32-a25c-b1c7f1bffca9,ba6e3b18-bccb-5149-adae-530286c8bd10,141af019-c491-5b0b-ae99-9f247323d835,ac6b4f70-62c0-5d91-b20e-93cacd1a833b
a2376acc-01e8-5833-a06a-b3bc95edb05b,ba6e3b18-bccb-5149-adae-530286c8bd10,9c45224b-d0e1-5c07-9716-fd019f14b014,65910519-c93f-5c5a-b535-6253a402e739
a5c920db-c2ea-5434-b7ea-f8955d3c1d65,ba6e3b18-bccb-5149-adae-530286c8bd10,269874b2-c82d-5d38-9fe9-f4b9c961839b,aa8bdda9-11b9-5657-a1f4-031235cb0d0d
184bb7d2-761e-5963-ae7b-b4eb0ce3fe5d,ba6e3b18-bccb-5149-adae-530286c8bd10,51571710-8c8b-52a2-99dd-6b06ade1dcfb,4155fd4c-28d7-5763-8798-87bcceed7402
5c3713b4-9822-5a98-8968-bd2d46837e35,ba6e3b18-bccb-5149-adae-530286c8bd10,be56f89e-3596-5740-890e-3e9c8266bc99,d057220b-e94d-5bd8-b874-95f3629d9b74
5bbf8edd-8730-511a-b9d4-389577dd2060,ba6e3b18-bccb-5149-adae-530286c8bd10,5388a130-6cfd-5fea-b46b-f92bc942222b,da6f2fe7-c371-5900-8dc9-c33019a52992
c3c10dcf-5908-51ba-8a68-a04247ee1a3a,ba6e3b18-bccb-5149-adae-530286c8bd10,9f11bce1-5429-5c7e-a272-d7a279286cc8,bb8e78e2-8d41-529a-a31c-a9fd8c374d6b
4e1c64d1-8d28-5fd6-973f-78883991f472,ba6e3b18-bccb-5149-adae-530286c8bd10,c53113b9-afcb-5c8a-8508-de13deda3bd6,3e467514-5ee7-5952-8db1-b8dc8a82f8a8
c6e99484-b1c6-5fe5-b843-5c442f65e378,ba6e3b18-bccb-5149-adae-530286c8bd10,6060ca0a-5753-5e84-954d-16b1f60a017c,9997a700-8a3e-5f87-8fda-8f41db168c52
3ea422e6-aa85-5ea3-9a9a-7c7d38214d0a,ba6e3b18-bccb-5149-adae-530286c8bd10,141af019-c491-5b0b-ae99-9f247323d835,bcc13dfb-7319-55c7-ad90-3b058a43d34a
e8aad4da-b413-5896-b2e3-9b4c8b3bb051,ba6e3b18-bccb-5149-adae-530286c8bd10,9c45224b-d0e1-5c07-9716-fd019f14b014,ac6b4f70-62c0-5d91-b20e-93cacd1a833b
3721320f-7bb2-5f71-aa42-1d2238979a96,ba6e3b18-bccb-5149-adae-530286c8bd10,269874b2-c82d-5d38-9fe9-f4b9c961839b,65910519-c93f-5c5a-b535-6253a402e739
55e1017f-4891-5ff0-992e-c0260ad48ff9,ba6e3b18-bccb-5149-adae-530286c8bd10,51571710-8c8b-52a2-99dd-6b06ade1dcfb,aa8bdda9-11b9-5657-a1f4-031235cb0d0d
d64e6946-531f-54da-baca-73e158523e93,ba6e3b18-bccb-5149-adae-530286c8bd10,e077937b-f17d-5903-9cd5-bf34fa122094,4155fd4c-28d7-5763-8798-87bcceed7402
774f7cd6-9e32-5e41-a471-a6cf6239bb26,ba6e3b18-bccb-5149-adae-530286c8bd10,5388a130-6cfd-5fea-b46b-f92bc942222b,d057220b-e94d-5bd8-b874-95f3629d9b74
3962b73b-f0aa-56b4-8ac4-d71a4887523a,ba6e3b18-bccb-5149-adae-530286c8bd10,9f11bce1-5429-5c7e-a272-d7a279286cc8,da6f2fe7-c371-5900-8dc9-c33019a52992
27586682-45f5-5c97-a2f3-894e11ad7bab,ba6e3b18-bccb-5149-adae-530286c8bd10,c53113b9-afcb-5c8a-8508-de13deda3bd6,bb8e78e2-8d41-529a-a31c-a9fd8c374d6b
8f100d84-3b05-5912-a560-ae0fc4e70176,ba6e3b18-bccb-5149-adae-530286c8bd10,6060ca0a-5753-5e84-954d-16b1f60a017c,3e467514-5ee7-5952-8db1-b8dc8a82f8a8
00c9f662-bd87-5102-81fd-3e27e0165a53,ba6e3b18-bccb-5149-adae-530286c8bd10,141af019-c491-5b0b-ae99-9f247323d835,9997a700-8a3e-5f87-8fda-8f41db168c52
94a82d84-6c9f-537d-bc1d-c08add8e0823,ba6e3b18-bccb-5149-adae-530286c8bd10,9c45224b-d0e1-5c07-9716-fd019f14b014,bcc13dfb-7319-55c7-ad90-3b058a43d34a
887a4fe1-fdc3-570c-9f07-d09149cb278b,ba6e3b18-bccb-5149-adae-530286c8bd10,269874b2-c82d-5d38-9fe9-f4b9c961839b,ac6b4f70-62c0-5d91-b20e-93cacd1a833b
730c78d6-cae0-50a9-bca7-1e320968ddd0,ba6e3b18-bccb-5149-adae-530286c8bd10,51571710-8c8b-52a2-99dd-6b06ade1dcfb,65910519-c93f-5c5a-b535-6253a402e739
4ca56101-8f35-5cf4-8476-5e7fed9abebd,ba6e3b18-bccb-5149-adae-530286c8bd10,e077937b-f17d-5903-9cd5-bf34fa122094,aa8bdda9-11b9-5657-a1f4-031235cb0d0d
d92c0ca8-83dc-5451-854d-a10c48c1d52a,ba6e3b18-bccb-5149-adae-530286c8bd10,d2282210-53d9-53fe-9b4b-d7478f3d7271,4155fd4c-28d7-5763-8798-87bcceed7402
a2874ebb-3f2d-5a58-ba3a-d49aeb76d13e,ba6e3b18-bccb-5149-adae-530286c8bd10,9f11bce1-5429-5c7e-a272-d7a279286cc8,d057220b-e94d-5bd8-b874-95f3629d9b74
ac6cbdfc-a23b-56d7-9988-9e6b7eb54372,ba6e3b18-bccb-5149-adae-530286c8bd10,c53113b9-afcb-5c8a-8508-de13deda3bd6,da6f2fe7-c371-5900-8dc9-c33019a52992
88d6f1b7-9047-57c3-9f40-74ce725f650e,ba6e3b18-bccb-5149-adae-530286c8bd10,6060ca0a-5753-5e84-954d-16b1f60a017c,bb8e78e2-8d41-529a-a31c-a9fd8c374d6b
17b7bdd0-194f-54ac-9c16-112f56112ab8,ba6e3b18-bccb-5149-adae-530286c8bd10,141af019-c491-5b0b-ae99-9f247323d835,3e467514-5ee7-5952-8db1-b8dc8a82f8a8
c3ab1af9-f7aa-5d21-a74f-151b6f99feec,ba6e3b18-bccb-5149-adae-530286c8bd10,9c45224b-d0e1-5c07-9716-fd019f14b014,9997a700-8a3e-5f87-8fda-8f41db168c52
b1d914e3-ad9d-5f38-8552-cfce4a6ae3a8,ba6e3b18-bccb-5149-adae-530286c8bd10,269874b2-c82d-5d38-9fe9-f4b9c961839b,bcc13dfb-7319-55c7-ad90-3b058a43d34a
4efef41d-60c1-5fa1-a738-5f44fab67e7a,ba6e3b18-bccb-5149-adae-530286c8bd10,51571710-8c8b-52a2-99dd-6b06ade1dcfb,ac6b4f70-62c0-5d91-b20e-93cacd1a833b
918f3327-77d2-560d-9e2c-8c28db14ecce,ba6e3b18-bccb-5149-adae-530286c8bd10,e077937b-f17d-5903-9cd5-bf34fa122094,65910519-c93f-5c5a-b535-6253a402e739
dc666eb3-0a86-5947-8b2a-0fc08029a983,ba6e3b18-bccb-5149-adae-530286c8bd10,d2282210-53d9-53fe-9b4b-d7478f3d7271,aa8bdda9-11b9-5657-a1f4-031235cb0d0d
7447f42d-ba9c-5753-8458-53ac85b6b2a4,ba6e3b18-bccb-5149-adae-530286c8bd10,6d762e48-54e1-54bc-9325-302dbd35778d,4155fd4c-28d7-5763-8798-87bcceed7402
8cba7f0d-dc53-5444-8dd9-bf334e0611a2,ba6e3b18-bccb-5149-adae-530286c8bd10,c53113b9-afcb-5c8a-8508-de13deda3bd6,d057220b-e94d-5bd8-b874-95f3629d9b74
81b395ca-f42a-5f5b-9e87-edf16bc5721b,ba6e3b18-bccb-5149-adae-530286c8bd10,6060ca0a-5753-5e84-954d-16b1f60a017c,da6f2fe7-c371-5900-8dc9-c33019a52992
aabd84cb-68f8-5a9c-9a4c-7d1522686c3b,ba6e3b18-bccb-5149-adae-530286c8bd10,141af019-c491-5b0b-ae99-9f247323d835,bb8e78e2-8d41-529a-a31c-a9fd8c374d6b
8f73abd3-1954-58bd-831e-23acd3eb8199,ba6e3b18-bccb-5149-adae-530286c8bd10,9c45224b-d0e1-5c07-9716-fd019f14b014,3e467514-5ee7-5952-8db1-b8dc8a82f8a8
95d93284-aefc-5675-a2d9-acd2c0830779,ba6e3b18-bccb-5149-adae-530286c8bd10,269874b2-c82d-5d38-9fe9-f4b9c961839b,9997a700-8a3e-5f87-8fda-8f41db168c52
590dacfa-35da-5a36-8ec8-6a5d27fde2ae,ba6e3b18-bccb-5149-adae-530286c8bd10,51571710-8c8b-52a2-99dd-6b06ade1dcfb,bcc13dfb-7319-55c7-ad90-3b058a43d34a
d7229126-8761-575b-ae22-97c9b012f1af,ba6e3b18-bccb-5149-adae-530286c8bd10,e077937b-f17d-5903-9cd5-bf34fa122094,ac6b4f70-62c0-5d91-b20e-93cacd1a833b
6f05f78d-6c20-5652-9b6b-f95c28be5d19,ba6e3b18-bccb-5149-adae-530286c8bd10,d2282210-53d9-53fe-9b4b-d7478f3d7271,65910519-c93f-5c5a-b535-6253a402e739
56aa9ebd-4ffa-5f5a-ba6f-083c11309e49,ba6e3b18-bccb-5149-adae-530286c8bd10,6d762e48-54e1-54bc-9325-302dbd35778d,aa8bdda9-11b9-5657-a1f4-031235cb0d0d
4d325c3d-593d-5889-9289-9ab2698dec29,ba6e3b18-bccb-5149-adae-530286c8bd10,00f85377-6e50-5a2a-8a6a-a8246a8507c2,4155fd4c-28d7-5763-8798-87bcceed7402
adbf72a9-0071-5eb0-99ec-e2281e32912a,ba6e3b18-bccb-5149-adae-530286c8bd10,6060ca0a-5753-5e84-954d-16b1f60a017c,d057220b-e94d-5bd8-b874-95f3629d9b74
31802708-266b-506b-9df1-413fdc0b94d3,ba6e3b18-bccb-5149-adae-530286c8bd10,141af019-c491-5b0b-ae99-9f247323d835,da6f2fe7-c371-5900-8dc9-c33019a52992
3c639793-d457-5b63-a6eb-4dd0100e2017,ba6e3b18-bccb-5149-adae-530286c8bd10,9c45224b-d0e1-5c07-9716-fd019f14b014,bb8e78e2-8d41-529a-a31c-a9fd8c374d6b
8058ac11-e3e3-5ae4-9e1f-9d919f2cc3ce,ba6e3b18-bccb-5149-adae-530286c8bd10,269874b2-c82d-5d38-9fe9-f4b9c961839b,3e467514-5ee7-5952-8db1-b8dc8a82f8a8
93fa5f4d-b27d-596f-b388-96499ce42319,ba6e3b18-bccb-5149-adae-530286c8bd10,51571710-8c8b-52a2-99dd-6b06ade1dcfb,9997a700-8a3e-5f87-8fda-8f41db168c52
547681d0-bd80-5544-a09a-af69550af866,ba6e3b18-bccb-5149-adae-530286c8bd10,e077937b-f17d-5903-9cd5-bf34fa122094,bcc13dfb-7319-55c7-ad90-3b058a43d34a
4ae76b31-9d26-52b3-8b5d-fcf081edef3c,ba6e3b18-bccb-5149-adae-530286c8bd10,d2282210-53d9-53fe-9b4b-d7478f3d7271,ac6b4f70-62c0-5d91-b20e-93cacd1a833b
175fae0b-830a-553d-a407-edf96a2b6b25,ba6e3b18-bccb-5149-adae-530286c8bd10,6d762e48-54e1-54bc-9325-302dbd35778d,65910519-c93f-5c5a-b535-6253a402e739
53e139f9-44b8-5ca6-928e-e36cbc882c9a,ba6e3b18-bccb-5149-adae-530286c8bd10,00f85377-6e50-5a2a-8a6a-a8246a8507c2,aa8bdda9-11b9-5657-a1f4-031235cb0d0d
2ad247b4-58aa-59d4-87c4-bd40c5a3467a,ba6e3b18-bccb-5149-adae-530286c8bd10,640fa149-5996-5bae-a476-508d42fee539,4155fd4c-28d7-5763-8798-87bcceed7402
0e4c685a-2062-5675-b96b-e2acb2e6906a,ba6e3b18-bccb-5149-adae-530286c8bd10,141af019-c491-5b0b-ae99-9f247323d835,d057220b-e94d-5bd8-b874-95f3629d9b74
691cd97b-a1cd-5a31-afba-217557935ac3,ba6e3b18-bccb-5149-adae-530286c8bd10,9c45224b-d0e1-5c07-9716-fd019f14b014,da6f2fe7-c371-5900-8dc9-c33019a52992
9b341706-aaca-521e-97fd-3cf6c4bbd644,ba6e3b18-bccb-5149-adae-530286c8bd10,269874b2-c82d-5d38-9fe9-f4b9c961839b,bb8e78e2-8d41-529a-a31c-a9fd8c374d6b
fb870c82-c47f-571c-8126-48ac56c6951d,ba6e3b18-bccb-5149-adae-530286c8bd10,51571710-8c8b-52a2-99dd-6b06ade1dcfb,3e467514-5ee7-5952-8db1-b8dc8a82f8a8
0a3b5a03-9642-5be3-b75b-f93c07deea6d,ba6e3b18-bccb-5149-adae-530286c8bd10,e077937b-f17d-5903-9cd5-bf34fa122094,9997a700-8a3e-5f87-8fda-8f41db168c52
272802cc-7a88-550a-9327-e601fd4e7fe6,ba6e3b18-bccb-5149-adae-530286c8bd10,d2282210-53d9-53fe-9b4b-d7478f3d7271,bcc13dfb-7319-55c7-ad90-3b058a43d34a
f84beca9-b77d-5c86-9ccf-45e87a435857,ba6e3b18-bccb-5149-adae-530286c8bd10,6d762e48-54e1-54bc-9325-302dbd35778d,ac6b4f70-62c0-5d91-b20e-93cacd1a833b
7c232684-c991-51cc-adf3-a6800b1e4f9d,ba6e3b18-bccb-5149-adae-530286c8bd10,00f85377-6e50-5a2a-8a6a-a8246a8507c2,65910519-c93f-5c5a-b535-6253a402e739
0e846612-4653-5e35-9acd-6d983bf5ce5a,ba6e3b18-bccb-5149-adae-530286c8bd10,640fa149-5996-5bae-a476-508d42fee539,aa8bdda9-11b9-5657-a1f4-031235cb0d0d
c49b13d3-18a3-5c0f-94b4-580d28b913fc,ba6e3b18-bccb-5149-adae-530286c8bd10,b0202fb3-4ca2-5a4f-919b-3ccbf7f219d7,4155fd4c-28d7-5763-8798-87bcceed7402
d6b45f3b-95d4-54f1-a009-e86b0257f23b,ba6e3b18-bccb-5149-adae-530286c8bd10,9c45224b-d0e1-5c07-9716-fd019f14b014,d057220b-e94d-5bd8-b874-95f3629d9b74
45f4e119-ada3-5ba1-8df9-e9cbc7e98ea2,ba6e3b18-bccb-5149-adae-530286c8bd10,269874b2-c82d-5d38-9fe9-f4b9c961839b,da6f2fe7-c371-5900-8dc9-c33019a52992
6938ec75-1035-5c0e-a01d-011b2490992b,ba6e3b18-bccb-5149-adae-530286c8bd10,51571710-8c8b-52a2-99dd-6b06ade1dcfb,bb8e78e2-8d41-529a-a31c-a9fd8c374d6b
4a035384-fc92-592e-b649-03ffe88a7fbc,ba6e3b18-bccb-5149-adae-530286c8bd10,e077937b-f17d-5903-9cd5-bf34fa122094,3e467514-5ee7-5952-8db1-b8dc8a82f8a8
b379fd18-1413-5e73-9751-bfcbb2a1e5c4,ba6e3b18-bccb-5149-adae-530286c8bd10,d2282210-53d9-53fe-9b4b-d7478f3d7271,9997a700-8a3e-5f87-8fda-8f41db168c52
ec1975bc-a5a2-5677-bef1-9a70a3a2875f,ba6e3b18-bccb-5149-adae-530286c8bd10,6d762e48-54e1-54bc-9325-302dbd35778d,bcc13dfb-7319-55c7-ad90-3b058a43d34a
057537c8-963d-51a7-9b68-6ba473453489,ba6e3b18-bccb-5149-adae-530286c8bd10,00f85377-6e50-5a2a-8a6a-a8246a8507c2,ac6b4f70-62c0-5d91-b20e-93cacd1a833b
cb0f900c-bbbf-52c8-80f5-3381d31edcc8,ba6e3b18-bccb-5149-adae-530286c8bd10,640fa149-5996-5bae-a476-508d42fee539,65910519-c93f-5c5a-b535-6253a402e739
4adf249d-f023-59a8-b542-ba21c53d4dd0,ba6e3b18-bccb-5149-adae-530286c8bd10,b0202fb3-4ca2-5a4f-919b-3ccbf7f219d7,aa8bdda9-11b9-5657-a1f4-031235cb0d0d
ce60c055-07d6-5ace-977c-08843d603b4c,ba6e3b18-bccb-5149-adae-530286c8bd10,00c3af43-13d5-5c2c-8f75-e36d060383a7,4155fd4c-28d7-5763-8798-87bcceed7402
e01298fa-486a-521b-8657-e9e2b752a1c4,ba6e3b18-bccb-5149-adae-530286c8bd10,269874b2-c82d-5d38-9fe9-f4b9c961839b,d057220b-e94d-5bd8-b874-95f3629d9b74
3fec7726-6a2b-5d7a-9a3b-017b6e3e9fdf,ba6e3b18-bccb-5149-adae-530286c8bd10,51571710-8c8b-52a2-99dd-6b06ade1dcfb,da6f2fe7-c371-5900-8dc9-c33019a52992
f13ef8e4-3d86-5f4a-a47b-8d79748e46b0,ba6e3b18-bccb-5149-adae-530286c8bd10,e077937b-f17d-5903-9cd5-bf34fa122094,bb8e78e2-8d41-529a-a31c-a9fd8c374d6b
df11c796-ad40-5566-b99d-6c1ce502e21c,ba6e3b18-bccb-5149-adae-530286c8bd10,d2282210-53d9-53fe-9b4b-d7478f3d7271,3e467514-5ee7-5952-8db1-b8dc8a82f8a8
a8648071-1b6d-533c-9010-46fe75c21798,ba6e3b18-bccb-5149-adae-530286c8bd10,6d762e48-54e1-54bc-9325-302dbd35778d,9997a700-8a3e-5f87-8fda-8f41db168c52
ad8ef7f6-21e9-5352-b42c-ad4974d479d4,ba6e3b18-bccb-5149-adae-530286c8bd10,00f85377-6e50-5a2a-8a6a-a8246a8507c2,bcc13dfb-7319-55c7-ad90-3b058a43d34a
32276aab-5e8d-5aa0-b8d0-4ec4914f1eef,ba6e3b18-bccb-5149-adae-530286c8bd10,640fa149-5996-5bae-a476-508d42fee539,ac6b4f70-62c0-5d91-b20e-93cacd1a833b
4720afa6-8137-5b79-8795-fd161ea98f82,ba6e3b18-bccb-5149-adae-530286c8bd10,b0202fb3-4ca2-5a4f-919b-3ccbf7f219d7,65910519-c93f-5c5a-b535-6253a402e739
5d6b5860-8dd8-576b-826e-3607cb18666a,ba6e3b18-bccb-5149-adae-530286c8bd10,00c3af43-13d5-5c2c-8f75-e36d060383a7,aa8bdda9-11b9-5657-a1f4-031235cb0d0d
787db16b-9f8e-54d5-b294-b7e8e1de7e84,ba6e3b18-bccb-5149-adae-530286c8bd10,971bdd6a-4506-526d-bd8e-9c87380e4e9b,4155fd4c-28d7-5763-8798-87bcceed7402
a02fd37c-00d4-5130-acad-2121e63c945d,ba6e3b18-bccb-5149-adae-530286c8bd10,51571710-8c8b-52a2-99dd-6b06ade1dcfb,d057220b-e94d-5bd8-b874-95f3629d9b74
fc84263d-cae3-54b1-ae41-1a8f276fb206,ba6e3b18-bccb-5149-adae-530286c8bd10,e077937b-f17d-5903-9cd5-bf34fa122094,da6f2fe7-c371-5900-8dc9-c33019a52992
b2e1dd27-fc66-5a94-aeb0-ea09c04b345d,ba6e3b18-bccb-5149-adae-530286c8bd10,d2282210-53d9-53fe-9b4b-d7478f3d7271,bb8e78e2-8d41-529a-a31c-a9fd8c374d6b
4efe5917-18cf-5646-8646-2f6368e00231,ba6e3b18-bccb-5149-adae-530286c8bd10,6d762e48-54e1-54bc-9325-302dbd35778d,3e467514-5ee7-5952-8db1-b8dc8a82f8a8
e4f6378c-7a8e-555a-ab2b-55312d406e0e,ba6e3b18-bccb-5149-adae-530286c8bd10,00f85377-6e50-5a2a-8a6a-a8246a8507c2,9997a700-8a3e-5f87-8fda-8f41db168c52
57819970-3907-5fa9-b9e1-a53d3db4a001,ba6e3b18-bccb-5149-adae-530286c8bd10,640fa149-5996-5bae-a476-508d42fee539,bcc13dfb-7319-55c7-ad90-3b058a43d34a
b7c9c554-d492-56ef-94d2-86fb0b3f1a0f,ba6e3b18-bccb-5149-adae-530286c8bd10,b0202fb3-4ca2-5a4f-919b-3ccbf7f219d7,ac6b4f70-62c0-5d91-b20e-93cacd1a833b
5059e09d-0d96-5bdd-9fd7-13b28d30bb5f,ba6e3b18-bccb-5149-adae-530286c8bd10,00c3af43-13d5-5c2c-8f75-e36d060383a7,65910519-c93f-5c5a-b535-6253a402e739
36f6af80-2859-5ac6-82b3-d5b4f69ae1b8,ba6e3b18-bccb-5149-adae-530286c8bd10,971bdd6a-4506-526d-bd8e-9c87380e4e9b,aa8bdda9-11b9-5657-a1f4-031235cb0d0d
43c405fc-5440-591e-b271-d3afe35b1c23,ba6e3b18-bccb-5149-adae-530286c8bd10,0230c193-200d-5bed-9ead-34842c6d18b4,4155fd4c-28d7-5763-8798-87bcceed7402
658032d1-382b-595e-92e4-1541aaa9529b,ba6e3b18-bccb-5149-adae-530286c8bd10,e077937b-f17d-5903-9cd5-bf34fa122094,d057220b-e94d-5bd8-b874-95f3629d9b74
706ab922-7dfe-5835-a376-2161959763af,ba6e3b18-bccb-5149-adae-530286c8bd10,d2282210-53d9-53fe-9b4b-d7478f3d7271,da6f2fe7-c371-5900-8dc9-c33019a52992
c4cd6782-695f-5a3d-b267-2be0dcdcac1d,ba6e3b18-bccb-5149-adae-530286c8bd10,6d762e48-54e1-54bc-9325-302dbd35778d,bb8e78e2-8d41-529a-a31c-a9fd8c374d6b
511c1be0-64e3-56bf-8b38-a1697a026576,ba6e3b18-bccb-5149-adae-530286c8bd10,00f85377-6e50-5a2a-8a6a-a8246a8507c2,3e467514-5ee7-5952-8db1-b8dc8a82f8a8
f5e2196b-bf4b-5746-9f21-4e84f31f46f9,ba6e3b18-bccb-5149-adae-530286c8bd10,640fa149-5996-5bae-a476-508d42fee539,9997a700-8a3e-5f87-8fda-8f41db168c52
c1012bbc-8684-5512-95c7-687a27a6d2f0,ba6e3b18-bccb-5149-adae-530286c8bd10,b0202fb3-4ca2-5a4f-919b-3ccbf7f219d7,bcc13dfb-7319-55c7-ad90-3b058a43d34a
f8e41fec-9885-5fa4-b414-a0b90135c1ef,ba6e3b18-bccb-5149-adae-530286c8bd10,00c3af43-13d5-5c2c-8f75-e36d060383a7,ac6b4f70-62c0-5d91-b20e-93cacd1a833b
cf66e9a9-1e20-513d-989d-a317413742cd,ba6e3b18-bccb-5149-adae-530286c8bd10,971bdd6a-4506-526d-bd8e-9c87380e4e9b,65910519-c93f-5c5a-b535-6253a402e739
5c3749c1-b0f6-5cf3-9c76-cb020b484189,ba6e3b18-bccb-5149-adae-530286c8bd10,0230c193-200d-5bed-9ead-34842c6d18b4,aa8bdda9-11b9-5657-a1f4-031235cb0d0d
566b320a-1602-57db-94d4-173ee921792c,ba6e3b18-bccb-5149-adae-530286c8bd10,0e37cefe-e1fa-5ee7-a661-b1033d27e458,4155fd4c-28d7-5763-8798-87bcceed7402
a4120a19-c47d-5a83-bf84-a70ecaca3e3f,ba6e3b18-bccb-5149-adae-530286c8bd10,d2282210-53d9-53fe-9b4b-d7478f3d7271,d057220b-e94d-5bd8-b874-95f3629d9b74
2463da7c-b167-53d9-9fb6-a2206ea38b53,ba6e3b18-bccb-5149-adae-530286c8bd10,6d762e48-54e1-54bc-9325-302dbd35778d,da6f2fe7-c371-5900-8dc9-c33019a52992
0d52656f-a463-5a6c-bb0d-955dd8108457,ba6e3b18-bccb-5149-adae-530286c8bd10,00f85377-6e50-5a2a-8a6a-a8246a8507c2,bb8e78e2-8d41-529a-a31c-a9fd8c374d6b
ce2a8d78-cd6e-5d78-92ca-47df62ad2569,ba6e3b18-bccb-5149-adae-530286c8bd10,640fa149-5996-5bae-a476-508d42fee539,3e467514-5ee7-5952-8db1-b8dc8a82f8a8
9efd19e5-b0a3-5726-8189-f1ce4b4d18ff,ba6e3b18-bccb-5149-adae-530286c8bd10,b0202fb3-4ca2-5a4f-919b-3ccbf7f219d7,9997a700-8a3e-5f87-8fda-8f41db168c52
0f5cc800-2065-587b-8bbd-6c7e67005b7c,ba6e3b18-bccb-5149-adae-530286c8bd10,00c3af43-13d5-5c2c-8f75-e36d060383a7,bcc13dfb-7319-55c7-ad90-3b058a43d34a
2ba947ce-4111-5ca1-879f-1ac1439e6515,ba6e3b18-bccb-5149-adae-530286c8bd10,971bdd6a-4506-526d-bd8e-9c87380e4e9b,ac6b4f70-62c0-5d91-b20e-93cacd1a833b
63fe604f-d583-5ddf-86df-470629972925,ba6e3b18-bccb-5149-adae-530286c8bd10,0230c193-200d-5bed-9ead-34842c6d18b4,65910519-c93f-5c5a-b535-6253a402e739
13fc938a-c19b-5ee8-87ef-35e268840a95,ba6e3b18-bccb-5149-adae-530286c8bd10,0e37cefe-e1fa-5ee7-a661-b1033d27e458,aa8bdda9-11b9-5657-a1f4-031235cb0d0d
7f25aa4c-364a-54ba-bfee-480d9466ebac,ba6e3b18-bccb-5149-adae-530286c8bd10,e47aa9cc-a619-5ca7-9bb7-c85bf9b9938b,4155fd4c-28d7-5763-8798-87bcceed7402
83da6647-5128-5980-905c-29301f10ac93,ba6e3b18-bccb-5149-adae-530286c8bd10,6d762e48-54e1-54bc-9325-302dbd35778d,d057220b-e94d-5bd8-b874-95f3629d9b74
3bcc6c40-0a72-5646-b056-b2e4b074521a,ba6e3b18-bccb-5149-adae-530286c8bd10,00f85377-6e50-5a2a-8a6a-a8246a8507c2,da6f2fe7-c371-5900-8dc9-c33019a52992
40357a43-dbbe-5f99-a828-7e7b87e1ebc5,ba6e3b18-bccb-5149-adae-530286c8bd10,640fa149-5996-5bae-a476-508d42fee539,bb8e78e2-8d41-529a-a31c-a9fd8c374d6b
f3ac52d3-5d59-5ead-a077-7d25567d8bca,ba6e3b18-bccb-5149-adae-530286c8bd10,b0202fb3-4ca2-5a4f-919b-3ccbf7f219d7,3e467514-5ee7-5952-8db1-b8dc8a82f8a8
a4ffae22-a664-53dd-96db-53f6de0ab227,ba6e3b18-bccb-5149-adae-530286c8bd10,00c3af43-13d5-5c2c-8f75-e36d060383a7,9997a700-8a3e-5f87-8fda-8f41db168c52
04df62cb-524e-5ac1-a927-f45ec44d1d70,ba6e3b18-bccb-5149-adae-530286c8bd10,971bdd6a-4506-526d-bd8e-9c87380e4e9b,bcc13dfb-7319-55c7-ad90-3b058a43d34a
61cd494f-6adf-50b7-a369-4e058575cd53,ba6e3b18-bccb-5149-adae-530286c8bd10,0230c193-200d-5bed-9ead-34842c6d18b4,ac6b4f70-62c0-5d91-b20e-93cacd1a833b
7bc5ffe5-b4e4-5624-8423-fca99b3b707b,ba6e3b18-bccb-5149-adae-530286c8bd10,0e37cefe-e1fa-5ee7-a661-b1033d27e458,65910519-c93f-5c5a-b535-6253a402e739
786b3c76-1df9-5f34-ae8b-31a80c559c99,ba6e3b18-bccb-5149-adae-530286c8bd10,e47aa9cc-a619-5ca7-9bb7-c85bf9b9938b,aa8bdda9-11b9-5657-a1f4-031235cb0d0d
a468426d-85f5-52c7-a240-d19f79b96e6f,ba6e3b18-bccb-5149-adae-530286c8bd10,d8b7c21d-f8af-5c45-a828-90065b406bc1,4155fd4c-28d7-5763-8798-87bcceed7402
f36d5167-7297-5957-a120-f158315e6fa6,ba6e3b18-bccb-5149-adae-530286c8bd10,00f85377-6e50-5a2a-8a6a-a8246a8507c2,d057220b-e94d-5bd8-b874-95f3629d9b74
756ef75b-e03f-57a2-96c2-e33c251b5368,ba6e3b18-bccb-5149-adae-530286c8bd10,640fa149-5996-5bae-a476-508d42fee539,da6f2fe7-c371-5900-8dc9-c33019a52992
ae7d85a3-7922-5f18-8612-a760ce22e018,ba6e3b18-bccb-5149-adae-530286c8bd10,b0202fb3-4ca2-5a4f-919b-3ccbf7f219d7,bb8e78e2-8d41-529a-a31c-a9fd8c374d6b
878426e0-3116-5695-8bd4-747f4984b4ff,ba6e3b18-bccb-5149-adae-530286c8bd10,00c3af43-13d5-5c2c-8f75-e36d060383a7,3e467514-5ee7-5952-8db1-b8dc8a82f8a8
45499d44-cd04-54fa-9e96-88d72783a6a2,ba6e3b18-bccb-5149-adae-530286c8bd10,971bdd6a-4506-526d-bd8e-9c87380e4e9b,9997a700-8a3e-5f87-8fda-8f41db168c52
d0d4de67-5791-55e7-a94c-ee96ccd487d5,ba6e3b18-bccb-5149-adae-530286c8bd10,0230c193-200d-5bed-9ead-34842c6d18b4,bcc13dfb-7319-55c7-ad90-3b058a43d34a
64ac6551-f0dd-5691-974f-ccbd9d3a5e30,ba6e3b18-bccb-5149-adae-530286c8bd10,0e37cefe-e1fa-5ee7-a661-b1033d27e458,ac6b4f70-62c0-5d91-b20e-93cacd1a833b
cf9dc7ef-6bb5-57bd-8013-0981dfd93443,ba6e3b18-bccb-5149-adae-530286c8bd10,e47aa9cc-a619-5ca7-9bb7-c85bf9b9938b,65910519-c93f-5c5a-b535-6253a402e739
8309e4fd-1e15-5595-bb44-62b5a753a4ea,ba6e3b18-bccb-5149-adae-530286c8bd10,d8b7c21d-f8af-5c45-a828-90065b406bc1,aa8bdda9-11b9-5657-a1f4-031235cb0d0d
96768cdd-f9c2-549d-89bc-551c1938fb10,ba6e3b18-bccb-5149-adae-530286c8bd10,d0531f69-6a63-534d-abf9-201dd6a1e87e,4155fd4c-28d7-5763-8798-87bcceed7402
